-- Adminer 4.3.1 PostgreSQL dump

DROP TABLE IF EXISTS "backbone_profil";
CREATE SEQUENCE backbone_profil_id_profil_seq INCREMENT 1 MINVALUE 1 MAXVALUE 9223372036854775807 START 1 CACHE 1;

CREATE TABLE "sc_fcstprsn"."backbone_profil" (
    "id_profil" integer DEFAULT nextval('backbone_profil_id_profil_seq') NOT NULL,
    "id_user" integer,
    "nama_profil" character varying(200),
    "email_profil" character varying(100),
    "created_date" timestamp DEFAULT now(),
    "created_by" character varying(200),
    "modified_date" timestamp,
    "modified_by" character varying(200),
    "record_active" smallint DEFAULT 1,
    CONSTRAINT "pk_backbone_profil" PRIMARY KEY ("id_profil"),
    CONSTRAINT "fk_backbone_profil_backbone_user" FOREIGN KEY (id_user) REFERENCES backbone_user(id_user) ON DELETE CASCADE NOT DEFERRABLE
) WITH (oids = false);

COMMENT ON COLUMN "sc_fcstprsn"."backbone_profil"."id_user" IS 'backbone_user';

CREATE TRIGGER "tru_backbone_profil" BEFORE UPDATE ON "sc_fcstprsn"."backbone_profil" FOR EACH ROW EXECUTE PROCEDURE tru_update_date();

INSERT INTO "backbone_profil" ("id_profil", "id_user", "nama_profil", "email_profil", "created_date", "created_by", "modified_date", "modified_by", "record_active") VALUES
(1,	1,	'Administrator',	'ternyatakurakura@gmail.com',	'2016-10-09 13:53:28.16',	NULL,	NULL,	NULL,	1),
(2,	2,	'Pengguna',	'pengguna@pengguna.com',	'2017-05-26 00:00:00',	'',	'2017-05-26 00:00:00',	'',	1);

DROP TABLE IF EXISTS "backbone_role";
CREATE SEQUENCE backbone_role_id_role_seq INCREMENT 1 MINVALUE 1 MAXVALUE 9223372036854775807 START 1 CACHE 1;

CREATE TABLE "sc_fcstprsn"."backbone_role" (
    "id_role" integer DEFAULT nextval('backbone_role_id_role_seq') NOT NULL,
    "nama_role" character varying(100),
    "is_public_role" smallint,
    "created_date" timestamp DEFAULT now(),
    "created_by" character varying(200),
    "modified_date" timestamp,
    "modified_by" character varying(200),
    "record_active" smallint DEFAULT 1,
    CONSTRAINT "pk_backbone_role" PRIMARY KEY ("id_role")
) WITH (oids = false);

CREATE TRIGGER "tru_backbone_role" BEFORE UPDATE ON "sc_fcstprsn"."backbone_role" FOR EACH ROW EXECUTE PROCEDURE tru_update_date();

INSERT INTO "backbone_role" ("id_role", "nama_role", "is_public_role", "created_date", "created_by", "modified_date", "modified_by", "record_active") VALUES
(2,	'user',	NULL,	'2017-05-26 00:00:00',	'',	'2017-06-15 16:07:16.459',	'',	1),
(1,	'administrator',	NULL,	'2016-10-09 13:51:46.765',	NULL,	'2017-06-21 03:19:02.14',	'',	1);

DROP TABLE IF EXISTS "backbone_user";
CREATE SEQUENCE backbone_user_id_user_seq INCREMENT 1 MINVALUE 1 MAXVALUE 9223372036854775807 START 1 CACHE 1;

CREATE TABLE "sc_fcstprsn"."backbone_user" (
    "id_user" integer DEFAULT nextval('backbone_user_id_user_seq') NOT NULL,
    "username" character varying(60),
    "password" character varying(60),
    "last_login" timestamp,
    "last_ip" character varying(25),
    "created_date" timestamp DEFAULT now(),
    "created_by" character varying(200),
    "modified_date" timestamp,
    "modified_by" character varying(200),
    "record_active" smallint DEFAULT 1,
    CONSTRAINT "pk_backbone_user" PRIMARY KEY ("id_user")
) WITH (oids = false);

CREATE TRIGGER "tru_backbone_user" BEFORE UPDATE ON "sc_fcstprsn"."backbone_user" FOR EACH ROW EXECUTE PROCEDURE tru_update_date();

INSERT INTO "backbone_user" ("id_user", "username", "password", "last_login", "last_ip", "created_date", "created_by", "modified_date", "modified_by", "record_active") VALUES
(1,	'administrator',	'16bef5bdc2a35c67a5b9971bad01d307::HNsh92DDxPhFs4vS',	NULL,	NULL,	'2016-10-09 13:50:51.954',	NULL,	NULL,	NULL,	1),
(2,	'pengguna',	'0c609b989e0a902c21b739cd23ca6695::KNt3yRbfiEMhdLVZ',	NULL,	NULL,	'2017-05-26 00:00:00',	'',	'2017-05-26 00:00:00',	'',	1);

DROP TABLE IF EXISTS "backbone_user_role";
CREATE SEQUENCE backbone_user_role_id_user_role_seq INCREMENT 1 MINVALUE 1 MAXVALUE 9223372036854775807 START 1 CACHE 1;

CREATE TABLE "sc_fcstprsn"."backbone_user_role" (
    "id_user_role" integer DEFAULT nextval('backbone_user_role_id_user_role_seq') NOT NULL,
    "id_user" integer,
    "id_role" integer,
    "created_date" timestamp DEFAULT now(),
    "created_by" character varying(200),
    "modified_date" timestamp,
    "modified_by" character varying(200),
    "record_active" smallint DEFAULT 1,
    CONSTRAINT "pk_backbone_user_role" PRIMARY KEY ("id_user_role"),
    CONSTRAINT "fk_backbone_user_role_backbone_role" FOREIGN KEY (id_role) REFERENCES backbone_role(id_role) NOT DEFERRABLE,
    CONSTRAINT "fk_backbone_user_role_backbone_user" FOREIGN KEY (id_user) REFERENCES backbone_user(id_user) ON DELETE CASCADE NOT DEFERRABLE
) WITH (oids = false);

CREATE TRIGGER "tru_backbone_user_role" BEFORE UPDATE ON "sc_fcstprsn"."backbone_user_role" FOR EACH ROW EXECUTE PROCEDURE tru_update_date();

INSERT INTO "backbone_user_role" ("id_user_role", "id_user", "id_role", "created_date", "created_by", "modified_date", "modified_by", "record_active") VALUES
(2,	1,	1,	'2016-11-16 11:31:25',	'Admin',	NULL,	NULL,	1),
(6,	2,	2,	'2017-06-03 17:40:13',	'Admin',	NULL,	NULL,	1);

DROP TABLE IF EXISTS "master_bulan";
CREATE SEQUENCE master_bulan_id_bulan_seq INCREMENT 1 MINVALUE 1 MAXVALUE 9223372036854775807 START 1 CACHE 1;

CREATE TABLE "sc_fcstprsn"."master_bulan" (
    "id_bulan" integer DEFAULT nextval('master_bulan_id_bulan_seq') NOT NULL,
    "kode_bulan" character varying(60),
    "nama_bulan" character varying(200),
    "created_date" timestamp,
    "created_by" character varying(200),
    "modified_date" timestamp,
    "modified_by" character varying(200),
    "record_active" smallint DEFAULT 1,
    CONSTRAINT "pk_master_bulan" PRIMARY KEY ("id_bulan")
) WITH (oids = false);

INSERT INTO "master_bulan" ("id_bulan", "kode_bulan", "nama_bulan", "created_date", "created_by", "modified_date", "modified_by", "record_active") VALUES
(1,	'Jan',	'Januari',	'2017-01-10 00:00:00',	'',	'2017-01-10 00:00:00',	'',	1),
(2,	'Feb',	'Februari',	'2017-01-10 00:00:00',	'',	'2017-01-10 00:00:00',	'',	1),
(3,	'Mar',	'Maret',	'2017-01-10 00:00:00',	'',	'2017-01-10 00:00:00',	'',	1),
(4,	'Apr',	'April',	'2017-01-10 00:00:00',	'',	'2017-01-10 00:00:00',	'',	1),
(5,	'Mei',	'Mei',	'2017-01-10 00:00:00',	'',	'2017-01-10 00:00:00',	'',	1),
(6,	'Jun',	'Juni',	'2017-01-10 00:00:00',	'',	'2017-01-10 00:00:00',	'',	1),
(7,	'Jul',	'Juli',	'2017-01-10 00:00:00',	'',	'2017-01-10 00:00:00',	'',	1),
(8,	'Agu',	'Agustus',	'2017-01-10 00:00:00',	'',	'2017-01-10 00:00:00',	'',	1),
(9,	'Sep',	'September',	'2017-01-10 00:00:00',	'',	'2017-01-10 00:00:00',	'',	1),
(10,	'Okt',	'Oktober',	'2017-01-10 00:00:00',	'',	'2017-01-10 00:00:00',	'',	1),
(11,	'Nov',	'November',	'2017-01-10 00:00:00',	'',	'2017-01-10 00:00:00',	'',	1),
(12,	'Des',	'Desember',	'2017-01-10 00:00:00',	'',	'2017-01-10 00:00:00',	'',	1);

DROP TABLE IF EXISTS "master_corps";
CREATE SEQUENCE master_corps_id_corps_seq INCREMENT 1 MINVALUE 1 MAXVALUE 9223372036854775807 START 1 CACHE 1;

CREATE TABLE "sc_fcstprsn"."master_corps" (
    "id_corps" integer DEFAULT nextval('master_corps_id_corps_seq') NOT NULL,
    "kode_corps" character varying(20),
    "init_corps" character varying(200),
    "ur_corps" character varying(200),
    "created_date" date,
    "created_by" character varying(200),
    "modified_date" date,
    "modified_by" character varying(200),
    "record_active" smallint,
    CONSTRAINT "pk_master_corps" PRIMARY KEY ("id_corps")
) WITH (oids = false);

CREATE TRIGGER "tru_master_corps" BEFORE UPDATE ON "sc_fcstprsn"."master_corps" FOR EACH ROW EXECUTE PROCEDURE tru_update_date();

INSERT INTO "master_corps" ("id_corps", "kode_corps", "init_corps", "ur_corps", "created_date", "created_by", "modified_date", "modified_by", "record_active") VALUES
(1,	'A',	'INF',	'INFANTERI',	'2016-10-20',	'',	'2016-10-20',	'',	1),
(2,	'B',	'KAV',	'KAVALERI',	'2017-03-04',	'',	'2017-03-04',	'',	1),
(3,	'C',	'ARM',	'ARMED',	'2017-03-04',	'',	'2017-03-04',	'',	1),
(4,	'D',	'ARH',	'ARHANUD',	'2017-03-04',	'',	'2017-03-04',	'',	1),
(5,	'E',	'CZI',	'CORPS ZENI',	'2017-03-04',	'',	'2017-03-04',	'',	1),
(6,	'F',	'CPM',	'CORPS POLISI MILITER',	'2017-03-04',	'',	'2017-03-04',	'',	1),
(7,	'G',	'CBA',	'CORPS PERBEKALAN DAN ANGKUTAN',	'2017-03-04',	'',	'2017-03-04',	'',	1);

DROP TABLE IF EXISTS "master_kesatuan";
CREATE SEQUENCE master_kesatuan_id_kesatuan_seq INCREMENT 1 MINVALUE 1 MAXVALUE 9223372036854775807 START 1 CACHE 1;

CREATE TABLE "sc_fcstprsn"."master_kesatuan" (
    "id_kesatuan" integer DEFAULT nextval('master_kesatuan_id_kesatuan_seq') NOT NULL,
    "kode_kesatuan" character varying(20),
    "nama_kesatuan" character varying(200),
    "created_date" date,
    "created_by" character varying(200),
    "modified_date" date,
    "modified_by" character varying(200),
    "record_active" smallint,
    CONSTRAINT "pk_master_kesatuan" PRIMARY KEY ("id_kesatuan")
) WITH (oids = false);

INSERT INTO "master_kesatuan" ("id_kesatuan", "kode_kesatuan", "nama_kesatuan", "created_date", "created_by", "modified_date", "modified_by", "record_active") VALUES
(1,	'SATPUR',	'SATUAN TEMPUR',	'2017-05-02',	'',	'2017-05-02',	'',	1),
(2,	'SATBANPUR',	'SATUAN BANTUAN TEMPUR',	'2017-05-02',	'',	'2017-05-02',	'',	1),
(7,	'SATINTEL',	'SATUAN INTELIJEN',	'2017-05-02',	'',	'2017-05-18',	'',	1),
(3,	'SATPASSUS',	'SATUAN PASUKAN KHUSUS',	'2017-05-02',	'',	'2017-05-18',	'',	1),
(6,	'SATKOWIL',	'SATUAN KOMANDO WILAYAH',	'2017-05-02',	'',	'2017-05-18',	'',	1),
(5,	'LEMDIKRAH',	'LEMBAGA PENDIDIKAN DAERAH',	'2017-05-02',	'',	'2017-05-18',	'',	1),
(4,	'SATBALAK',	'SATUAN BADAN PELAKSANA',	'2017-05-02',	'',	'2017-05-02',	'',	1);

DROP TABLE IF EXISTS "master_kotama";
CREATE SEQUENCE master_kotama_id_kotama_seq INCREMENT 1 MINVALUE 1 MAXVALUE 9223372036854775807 START 1 CACHE 1;

CREATE TABLE "sc_fcstprsn"."master_kotama" (
    "id_kotama" integer DEFAULT nextval('master_kotama_id_kotama_seq') NOT NULL,
    "kode_kotama" character varying(20),
    "ur_kotama" character varying(200),
    "struktur_kotama" smallint DEFAULT 0 NOT NULL,
    "created_date" date,
    "created_by" character varying(200),
    "modified_date" date,
    "modified_by" character varying(200),
    "record_active" smallint,
    CONSTRAINT "pk_master_kotama" PRIMARY KEY ("id_kotama")
) WITH (oids = false);

CREATE TRIGGER "tru_master_kotama" BEFORE UPDATE ON "sc_fcstprsn"."master_kotama" FOR EACH ROW EXECUTE PROCEDURE tru_update_date();

INSERT INTO "master_kotama" ("id_kotama", "kode_kotama", "ur_kotama", "struktur_kotama", "created_date", "created_by", "modified_date", "modified_by", "record_active") VALUES
(1,	'01',	'KODAM I/BB',	1,	'2017-05-02',	'',	NULL,	'Admin',	1),
(2,	'02',	'KODAM II/SWJ',	1,	'2017-05-02',	'',	NULL,	'Admin',	1),
(3,	'03',	'KODAM III/SLW',	1,	'2017-05-02',	'',	NULL,	'Admin',	1),
(4,	'04',	'KODAM IV/DIP',	1,	'2017-05-02',	'',	NULL,	'Admin',	1),
(5,	'05',	'KODAM V/BRW',	1,	'2017-05-02',	'',	NULL,	'Admin',	1),
(6,	'06',	'KODAM VI/MLW',	1,	'2017-05-02',	'',	NULL,	'Admin',	1),
(7,	'07',	'KODAM VII/WRB',	1,	'2017-05-02',	'',	NULL,	'Admin',	1),
(8,	'09',	'KODAM IX/UDY',	1,	'2017-05-02',	'',	NULL,	'Admin',	1),
(9,	'10',	'KODAM IM',	1,	'2017-05-02',	'',	NULL,	'Admin',	1),
(10,	'12',	'KODAM XII/TPR',	1,	'2017-05-02',	'',	NULL,	'Admin',	1),
(11,	'15',	'KODAM JAYA',	1,	'2017-05-02',	'',	NULL,	'Admin',	1),
(12,	'16',	'KODAM XVI/PTM',	1,	'2017-05-02',	'',	NULL,	'Admin',	1),
(13,	'17',	'KODAM XVII/CEN',	1,	'2017-05-02',	'',	NULL,	'Admin',	1),
(14,	'18',	'KOPASSUS',	1,	'2017-05-02',	'',	NULL,	'Admin',	1),
(15,	'19',	'KOSTRAD',	1,	'2017-05-02',	'',	NULL,	'Admin',	1),
(16,	'20',	'KODIKLAT TNI AD',	1,	'2017-05-02',	'',	NULL,	'Admin',	1),
(17,	'21',	'DITZIAD',	1,	'2017-05-02',	'',	NULL,	'Admin',	1),
(18,	'22',	'DITBEKANGAD',	1,	'2017-05-02',	'',	NULL,	'Admin',	1),
(19,	'23',	'DITPALAD',	1,	'2017-05-02',	'',	NULL,	'Admin',	1),
(20,	'24',	'DITHUBAD',	1,	'2017-05-02',	'',	NULL,	'Admin',	1),
(21,	'25',	'DITKESAD',	1,	'2017-05-02',	'',	NULL,	'Admin',	1),
(22,	'26',	'DITAJENAD',	1,	'2017-05-02',	'',	NULL,	'Admin',	1),
(23,	'27',	'DITTOPAD',	1,	'2017-05-02',	'',	NULL,	'Admin',	1),
(24,	'28',	'DITKUAD',	1,	'2017-05-02',	'',	NULL,	'Admin',	1),
(25,	'29',	'DITKUMAD',	1,	'2017-05-02',	'',	NULL,	'Admin',	1),
(26,	'41',	'DISJASAD',	1,	'2017-05-02',	'',	NULL,	'Admin',	1),
(27,	'42',	'DISPENAD',	1,	'2017-05-02',	'',	NULL,	'Admin',	1),
(28,	'43',	'DISBINTALAD',	1,	'2017-05-02',	'',	NULL,	'Admin',	1),
(29,	'44',	'DISPSIAD',	1,	'2017-05-02',	'',	NULL,	'Admin',	1),
(30,	'45',	'DISLITBANGAD',	1,	'2017-05-02',	'',	NULL,	'Admin',	1),
(31,	'46',	'DISSISFOAD',	1,	'2017-05-02',	'',	NULL,	'Admin',	1),
(32,	'47',	'DISJARAHAD',	1,	'2017-05-02',	'',	NULL,	'Admin',	1),
(33,	'61',	'PUSSENIF',	1,	'2017-05-02',	'',	NULL,	'Admin',	1),
(34,	'62',	'PUSSENKAV',	1,	'2017-05-02',	'',	NULL,	'Admin',	1),
(35,	'63',	'PUSSENARMED',	1,	'2017-05-02',	'',	NULL,	'Admin',	1),
(36,	'64',	'PUSSENARHANUD',	1,	'2017-05-02',	'',	NULL,	'Admin',	1),
(37,	'65',	'PUSPOM',	1,	'2017-05-02',	'',	NULL,	'Admin',	1),
(38,	'66',	'PUSTER',	1,	'2017-05-02',	'',	NULL,	'Admin',	1),
(39,	'67',	'PUSPENERBAD',	1,	'2017-05-02',	'',	NULL,	'Admin',	1),
(40,	'68',	'PUSINTELAD',	1,	'2017-05-02',	'',	NULL,	'Admin',	1),
(41,	'71',	'AKMIL',	1,	'2017-05-02',	'',	NULL,	'Admin',	1),
(42,	'72',	'SESKOAD',	1,	'2017-05-02',	'',	NULL,	'Admin',	1),
(43,	'73',	'SECAPA',	1,	'2017-05-02',	'',	NULL,	'Admin',	1),
(44,	'81',	'DENMABESAD',	1,	'2017-05-02',	'',	NULL,	'Admin',	1),
(45,	'82',	'ITJENAD',	1,	'2017-05-02',	'',	NULL,	'Admin',	1),
(46,	'84',	'BP TWP TNI AD',	1,	'2017-05-02',	'',	NULL,	'Admin',	1),
(47,	'91',	'KEMHAN RI',	2,	'2017-05-02',	'',	NULL,	'Admin',	1),
(48,	'92',	'MABES TNI',	2,	'2017-05-02',	'',	NULL,	'Admin',	1),
(49,	'99',	'TIDAK DIKETAHUI',	2,	'2017-05-02',	'',	NULL,	'Admin',	1),
(50,	'93',	'BIN',	2,	'2017-05-02',	'',	NULL,	'Admin',	1),
(51,	'94',	'KEMENKO POLHUKAM',	2,	'2017-05-02',	'',	NULL,	'Admin',	1),
(52,	'95',	'BNPB (BASARNAS)',	2,	'2017-05-02',	'',	NULL,	'Admin',	1),
(53,	'96',	'KEMSETNEG RI',	2,	'2017-05-02',	'',	NULL,	'Admin',	1);

DROP TABLE IF EXISTS "master_satminkal";
CREATE SEQUENCE master_satminkal_id_satminkal_seq INCREMENT 1 MINVALUE 1 MAXVALUE 9223372036854775807 START 1 CACHE 1;

CREATE TABLE "sc_fcstprsn"."master_satminkal" (
    "id_satminkal" integer DEFAULT nextval('master_satminkal_id_satminkal_seq') NOT NULL,
    "id_kotama" integer,
    "kode_satminkal" character varying(30),
    "ur_satminkal" character varying(200),
    "id_kesatuan" integer,
    "id_corps" integer,
    "created_date" date,
    "created_by" character varying(200),
    "modified_date" date,
    "modified_by" character varying(200),
    "record_active" smallint,
    CONSTRAINT "pk_master_satminkal" PRIMARY KEY ("id_satminkal")
) WITH (oids = false);

INSERT INTO "master_satminkal" ("id_satminkal", "id_kotama", "kode_satminkal", "ur_satminkal", "id_kesatuan", "id_corps", "created_date", "created_by", "modified_date", "modified_by", "record_active") VALUES
(2,	1,	'1A1A',	'BRIGIF-7/RIMBA RAYA',	1,	2,	'2017-05-02',	'Admin',	NULL,	'',	1),
(4,	1,	'1A3C',	'YONIF 122/TOMBAK SAKTI',	1,	1,	'2017-05-02',	'Admin',	NULL,	'',	1),
(5,	1,	'1A3D',	'YONIF 121/MACAN KUMBANG',	1,	1,	'2017-05-02',	'Admin',	NULL,	'',	1),
(6,	1,	'1A4B',	'YONIF 125/SMB',	1,	1,	'2017-05-02',	'Admin',	NULL,	'',	1),
(7,	1,	'1A4C',	'YONIF 123/RAJAWALI',	1,	1,	'2017-05-02',	'Admin',	NULL,	'',	1),
(8,	1,	'1A5B',	'YONIF 132/BIMA SAKTI',	1,	1,	'2017-05-02',	'Admin',	NULL,	'',	1),
(9,	1,	'1A5C',	'YONIF 134/TUAH SAKTI',	1,	1,	'2017-05-02',	'Admin',	NULL,	'',	1),
(10,	1,	'1A6B',	'YONIF 131/PRAJA SAKTI',	1,	1,	'2017-05-02',	'Admin',	NULL,	'',	1),
(11,	1,	'1A6C',	'YONIF 133/YUDHA SAKTI',	1,	1,	'2017-05-02',	'Admin',	NULL,	'',	1),
(12,	1,	'1B0B',	'YON KAV-6/NAGA KARIMATA',	1,	1,	'2017-05-02',	'Admin',	NULL,	'',	1),
(13,	1,	'1B0C',	'KIKAV 6/RAJAWALI BHAKTI TAMA',	1,	1,	'2017-05-02',	'Admin',	NULL,	'',	1),
(14,	1,	'1C0B',	'YON ARMED-2/105 TARIK',	1,	1,	'2017-05-02',	'Admin',	NULL,	'',	1),
(15,	1,	'1D0B',	'YON ARHANUDSE-11',	1,	1,	'2017-05-02',	'Admin',	NULL,	'',	1),
(16,	1,	'1D0C',	'YON ARHANUDSE-13',	1,	1,	'2017-05-02',	'Admin',	NULL,	'',	1),
(17,	1,	'1D0D',	'RAI ARHANUDRI-41/BS',	1,	1,	'2017-05-02',	'Admin',	NULL,	'',	1),
(18,	1,	'1D0F',	'DEN RUDAL RAPIER 004/I',	1,	1,	'2017-05-02',	'Admin',	NULL,	'',	1),
(19,	1,	'1E0B',	'YON ZIPUR-1',	1,	1,	'2017-05-02',	'Admin',	NULL,	'',	1),
(20,	1,	'1E0D',	'DEN ZIPUR-2',	1,	1,	'2017-05-02',	'Admin',	NULL,	'',	1),
(21,	1,	'2Z0B',	'DIM 0201 BS',	1,	1,	'2017-05-02',	'Admin',	NULL,	'',	1),
(22,	1,	'2Z3A',	'KOREM-022/PANTAI TIMUR',	1,	1,	'2017-05-02',	'Admin',	NULL,	'',	1),
(23,	52,	'0000',	'BNPB (BASARNAS)',	1,	1,	'2017-05-02',	'Admin',	NULL,	'',	1),
(24,	8,	'2Z1I',	'DIM 1627/ROTE NDAO REM-161',	1,	1,	'2017-05-02',	'Admin',	NULL,	'',	1),
(25,	1,	'2Z3B',	'DIM 0207/SIMALUNGUN REM-022',	1,	1,	'2017-05-02',	'Admin',	NULL,	'',	1),
(26,	1,	'2Z3C',	'DIM 0208/ASAHAN REM-022',	1,	1,	'2017-05-02',	'Admin',	NULL,	'',	1),
(27,	1,	'2Z3D',	'DIM 0209/LABUHAN REM-022',	1,	1,	'2017-05-02',	'Admin',	NULL,	'',	1),
(28,	1,	'2Z3E',	'DIM 0203/LANGKAT REM-022',	1,	1,	'2017-05-02',	'Admin',	NULL,	'',	1),
(29,	1,	'2Z3F',	'DIM 0204/DELI SERDANG REM-022',	1,	1,	'2017-05-02',	'Admin',	NULL,	'',	1),
(30,	1,	'2Z4A',	'KOREM-023/KAWAL SAMUDRA',	1,	1,	'2017-05-02',	'Admin',	NULL,	'',	1),
(31,	1,	'2Z4B',	'DIM 0210/TAPANULI UTARA REM-023',	1,	1,	'2017-05-02',	'Admin',	NULL,	'',	1),
(32,	1,	'2Z4C',	'DIM 0211/TAPANULI TENGAH REM-023',	1,	1,	'2017-05-02',	'Admin',	NULL,	'',	1),
(33,	1,	'2Z4D',	'DIM 0212/TAPANULI SELATAN REM-023',	1,	1,	'2017-05-02',	'Admin',	NULL,	'',	1),
(34,	1,	'2Z4E',	'DIM 0213/NIAS REM-023',	1,	1,	'2017-05-02',	'Admin',	NULL,	'',	1),
(35,	1,	'2Z4F',	'DIM 0205/TANAH KARO REM-023',	1,	1,	'2017-05-02',	'Admin',	NULL,	'',	1),
(36,	1,	'2Z4G',	'DIM 0206/DAIRI REM-023',	1,	1,	'2017-05-02',	'Admin',	NULL,	'',	1),
(37,	1,	'2Z5A',	'KOREM-031/WIRA BIMA',	1,	1,	'2017-05-02',	'Admin',	NULL,	'',	1),
(38,	1,	'2Z5B',	'DIM 0301/PEKANBARU REM-031',	1,	1,	'2017-05-02',	'Admin',	NULL,	'',	1),
(39,	1,	'2Z5C',	'DIM 0302/INDRAGIRI HULU REM-031',	1,	1,	'2017-05-02',	'Admin',	NULL,	'',	1),
(40,	1,	'2Z5D',	'DIM 0303/BENGKALIS REM-031',	1,	1,	'2017-05-02',	'Admin',	NULL,	'',	1),
(41,	1,	'2Z5E',	'DIM 0313/KAMPAR REM-031',	1,	1,	'2017-05-02',	'Admin',	NULL,	'',	1),
(42,	1,	'2Z5F',	'DIM 0314/INDRAGIRI HILIR REM-031',	1,	1,	'2017-05-02',	'Admin',	NULL,	'',	1),
(43,	1,	'2Z5K',	'DIM 0320/DUMAI REM-031',	1,	1,	'2017-05-02',	'Admin',	NULL,	'',	1),
(44,	1,	'2Z6A',	'KOREM-032/WIRA BRAJA',	1,	1,	'2017-05-02',	'Admin',	NULL,	'',	1),
(45,	1,	'2Z6B',	'DIM 0304/AGAM REM-032',	1,	1,	'2017-05-02',	'Admin',	NULL,	'',	1),
(46,	1,	'2Z6C',	'DIM 0305/PASAMAN REM-032',	1,	1,	'2017-05-02',	'Admin',	NULL,	'',	1),
(47,	1,	'2Z6D',	'DIM 0306/50 KOTA REM-032',	1,	1,	'2017-05-02',	'Admin',	NULL,	'',	1),
(48,	1,	'2Z6E',	'DIM 0307/TANAH DATAR REM-032',	1,	1,	'2017-05-02',	'Admin',	NULL,	'',	1),
(49,	1,	'2Z6F',	'DIM 0308/PARIAMAN REM-032',	1,	1,	'2017-05-02',	'Admin',	NULL,	'',	1),
(50,	1,	'2Z6G',	'DIM 0309/SOLOK REM-032',	1,	1,	'2017-05-02',	'Admin',	NULL,	'',	1),
(51,	1,	'2Z6H',	'DIM 0310/SAWAHLUNTO SIJUNJUNG REM-032',	1,	1,	'2017-05-02',	'Admin',	NULL,	'',	1),
(52,	1,	'2Z6J',	'DIM 0311/PESISIR SELATAN REM-032',	1,	1,	'2017-05-02',	'Admin',	NULL,	'',	1),
(53,	1,	'2Z6K',	'DIM 0312/KODYA PADANG REM-032',	1,	1,	'2017-05-02',	'Admin',	NULL,	'',	1),
(54,	48,	'4C0B',	'AKADEMI TNI',	1,	1,	'2017-05-02',	'Admin',	NULL,	'',	1),
(55,	1,	'2Z6L',	'DIM 0319/MENTAWAI REM-032',	1,	1,	'2017-05-02',	'Admin',	NULL,	'',	1),
(56,	1,	'2Z7A',	'KOREM 033/WIRA PRATAMA',	1,	1,	'2017-05-02',	'Admin',	NULL,	'',	1),
(57,	1,	'2Z7B',	'DIM 0315/BINTAN REM-033',	1,	1,	'2017-05-02',	'Admin',	NULL,	'',	1),
(58,	1,	'2Z7C',	'DIM 0316/BATAM REM-033',	1,	1,	'2017-05-02',	'Admin',	NULL,	'',	1),
(59,	1,	'2Z7D',	'DIM 0317/TANJUNG BALAI KARIMUN REM-033',	1,	1,	'2017-05-02',	'Admin',	NULL,	'',	1),
(60,	1,	'2Z7E',	'DIM 0318/NATUNA REM-033',	1,	1,	'2017-05-02',	'Admin',	NULL,	'',	1),
(61,	1,	'3U0B',	'DENINTELDAM-I/BB',	1,	1,	'2017-05-02',	'Admin',	NULL,	'',	1),
(62,	1,	'4A0B',	'RINDAM-I/BB',	1,	1,	'2017-05-02',	'Admin',	NULL,	'',	1),
(63,	1,	'4E0B',	'ZIDAM-I/BB',	1,	1,	'2017-05-02',	'Admin',	NULL,	'',	1),
(64,	1,	'4F0B',	'POMDAM-I/BB',	1,	1,	'2017-05-02',	'Admin',	NULL,	'',	1),
(65,	1,	'4G0B',	'BEKANGDAM-I/BB',	1,	1,	'2017-05-02',	'Admin',	NULL,	'',	1),
(66,	1,	'4H0B',	'KUMDAM-I/BB',	1,	1,	'2017-05-02',	'Admin',	NULL,	'',	1),
(67,	1,	'4J0B',	'PUSKOPAD "A" DAM I/BB',	1,	1,	'2017-05-02',	'Admin',	NULL,	'',	1),
(68,	1,	'4J0D',	'PUSKOPAD "B" DAM I/BB-PADANG',	1,	1,	'2017-05-02',	'Admin',	NULL,	'',	1),
(69,	1,	'4K0B',	'KESDAM-I/BB',	1,	1,	'2017-05-02',	'Admin',	NULL,	'',	1),
(70,	1,	'4L0B',	'PENDAM-I/BB',	1,	1,	'2017-05-02',	'Admin',	NULL,	'',	1),
(71,	1,	'4M0B',	'PALDAM-I/BB',	1,	1,	'2017-05-02',	'Admin',	NULL,	'',	1),
(72,	1,	'4N0B',	'HUBDAM-I/BB',	1,	1,	'2017-05-02',	'Admin',	NULL,	'',	1),
(73,	1,	'4P0B',	'AJENDAM-I/BB',	1,	1,	'2017-05-02',	'Admin',	NULL,	'',	1),
(74,	1,	'4P0D',	'BABINMINVETCADDAM-I/BB',	1,	1,	'2017-05-02',	'Admin',	NULL,	'',	1),
(75,	1,	'4Q0B',	'KUDAM-I/BB',	1,	1,	'2017-05-02',	'Admin',	NULL,	'',	1),
(76,	1,	'4Q0C',	'PEKAS GABRAH 7 TK I/PADANG',	1,	1,	'2017-05-02',	'Admin',	NULL,	'',	1),
(77,	1,	'4R0B',	'TOPDAM-I/BB',	1,	1,	'2017-05-02',	'Admin',	NULL,	'',	1),
(78,	1,	'4S0B',	'BINTALDAM-I/BB',	1,	1,	'2017-05-02',	'Admin',	NULL,	'',	1),
(3,	1,	'1A3B',	'YONIF 126/KALA SAKTI',	1,	3,	'2017-05-02',	'Admin',	NULL,	'',	1),
(1,	1,	'1A0B',	'YONIF 100/RAIDER',	1,	0,	'2017-05-02',	'Admin',	NULL,	'',	1),
(79,	1,	'4T0B',	'INFOLAHTADAM-I/BB',	1,	1,	'2017-05-02',	'Admin',	NULL,	'',	1),
(80,	1,	'4U0B',	'SANDIDAM-I/BB',	1,	1,	'2017-05-02',	'Admin',	NULL,	'',	1),
(81,	1,	'4W0B',	'JASDAM-I/BB',	1,	1,	'2017-05-02',	'Admin',	NULL,	'',	1),
(82,	1,	'4Z0A',	'DENMADAM-I/BB',	1,	1,	'2017-05-02',	'Admin',	NULL,	'',	1),
(83,	1,	'4Z0B',	'ITDAM-I/BB',	1,	1,	'2017-05-02',	'Admin',	NULL,	'',	1),
(85,	2,	'1A1B',	'YONIF 144/JAYA YUDHA',	1,	1,	'2017-05-02',	'Admin',	NULL,	'',	1),
(86,	2,	'1A2B',	'YONIF 142/KSATRIA JAYA',	1,	1,	'2017-05-02',	'Admin',	NULL,	'',	1),
(87,	2,	'1A3B',	'YONIF 143/TRIWIRA EKA JAYA',	1,	1,	'2017-05-02',	'Admin',	NULL,	'',	1),
(88,	2,	'1A4B',	'YONIF 200/RAIDER',	1,	1,	'2017-05-02',	'Admin',	NULL,	'',	1),
(89,	2,	'1B0B',	'YONKAV 5/DWI PANGGA CETA',	1,	1,	'2017-05-02',	'Admin',	NULL,	'',	1),
(90,	2,	'1C0B',	'YON ARMED-15/76 TARIK',	1,	1,	'2017-05-02',	'Admin',	NULL,	'',	1),
(91,	2,	'1D0H',	'YON ARHANUDRI-12/SBP',	1,	1,	'2017-05-02',	'Admin',	NULL,	'',	1),
(92,	2,	'1E0B',	'YON ZIPUR-2',	1,	1,	'2017-05-02',	'Admin',	NULL,	'',	1),
(93,	2,	'2Z0B',	'DIM 0418 REM-044',	1,	1,	'2017-05-02',	'Admin',	NULL,	'',	1),
(94,	2,	'2Z1A',	'KOREM-041/GARUDA MAS',	1,	1,	'2017-05-02',	'Admin',	NULL,	'',	1),
(95,	2,	'2Z1B',	'DIM 0407/BENGKULU REM-041',	1,	1,	'2017-05-02',	'Admin',	NULL,	'',	1),
(96,	2,	'2Z1C',	'DIM 0408/BENGKULU SELATAN REM-041',	1,	1,	'2017-05-02',	'Admin',	NULL,	'',	1),
(97,	2,	'2Z1D',	'DIM 0409/REJANG LEBONG REM-041',	1,	1,	'2017-05-02',	'Admin',	NULL,	'',	1),
(98,	2,	'2Z1E',	'DIM 0423/BENGKULU UTARA REM-041',	1,	1,	'2017-05-02',	'Admin',	NULL,	'',	1),
(99,	2,	'2Z1F',	'DIM 0425/SELUMA REM-041',	1,	1,	'2017-05-02',	'Admin',	NULL,	'',	1),
(100,	2,	'2Z2A',	'KOREM-042/GARUDA PUTIH',	1,	1,	'2017-05-02',	'Admin',	NULL,	'',	1),
(101,	2,	'2Z2B',	'DIM 0415/BATANGHARI REM-042',	1,	1,	'2017-05-02',	'Admin',	NULL,	'',	1),
(102,	2,	'2Z2C',	'DIM 0416/BUNGO TEBO REM-042',	1,	1,	'2017-05-02',	'Admin',	NULL,	'',	1),
(103,	2,	'2Z2D',	'DIM 0417/KERINCI REM-042',	1,	1,	'2017-05-02',	'Admin',	NULL,	'',	1),
(104,	2,	'2Z2E',	'DIM 0419/TANJUNG JABUNG REM-042',	1,	1,	'2017-05-02',	'Admin',	NULL,	'',	1),
(105,	2,	'2Z2F',	'DIM 0420/SAROLANGUN BANGKO REM-042',	1,	1,	'2017-05-02',	'Admin',	NULL,	'',	1),
(106,	2,	'2Z3A',	'KOREM-043/GARUDA HITAM',	1,	1,	'2017-05-02',	'Admin',	NULL,	'',	1),
(107,	2,	'2Z3B',	'DIM 0410/KODYA BANDAR LAMPUNG REM-043',	1,	1,	'2017-05-02',	'Admin',	NULL,	'',	1),
(108,	2,	'2Z3C',	'DIM 0411/LAMPUNG TENGAH REM-043',	1,	1,	'2017-05-02',	'Admin',	NULL,	'',	1),
(109,	2,	'2Z3D',	'DIM 0412/LAMPUNG UTARA REM-043',	1,	1,	'2017-05-02',	'Admin',	NULL,	'',	1),
(110,	2,	'2Z3E',	'DIM 0421/LAMPUNG SELATAN REM-043',	1,	1,	'2017-05-02',	'Admin',	NULL,	'',	1),
(111,	2,	'2Z3F',	'DIM 0422/LAMPUNG BARAT REM-043',	1,	1,	'2017-05-02',	'Admin',	NULL,	'',	1),
(112,	2,	'2Z3G',	'DIM 0424/TANGGAMUS REM 043',	1,	1,	'2017-05-02',	'Admin',	NULL,	'',	1),
(113,	2,	'2Z3H',	'DIM 0426/TULANG BAWANG REM 043',	1,	1,	'2017-05-02',	'Admin',	NULL,	'',	1),
(114,	2,	'2Z3J',	'DIM 0427/WAYKANAN REM 043',	1,	1,	'2017-05-02',	'Admin',	NULL,	'',	1),
(115,	2,	'2Z4A',	'KOREM-044/GARUDA DEMPO',	1,	1,	'2017-05-02',	'Admin',	NULL,	'',	1),
(116,	2,	'2Z4B',	'DIM 0401/MUSI BANYU ASIN REM-044',	1,	1,	'2017-05-02',	'Admin',	NULL,	'',	1),
(117,	2,	'2Z4C',	'DIM 0402/OGAN KOMERING ILIR REM-044',	1,	1,	'2017-05-02',	'Admin',	NULL,	'',	1),
(118,	15,	'1F0B',	'DENPOM DIVIF-1',	1,	1,	'2017-05-02',	'Admin',	NULL,	'',	1),
(119,	2,	'2Z4D',	'DIM 0403/BATURAJA REM-044',	1,	1,	'2017-05-02',	'Admin',	NULL,	'',	1),
(120,	2,	'2Z4E',	'DIM 0404/MUARA ENIM REM-044',	1,	1,	'2017-05-02',	'Admin',	NULL,	'',	1),
(121,	2,	'2Z4F',	'DIM 0405/LAHAT REM-044',	1,	1,	'2017-05-02',	'Admin',	NULL,	'',	1),
(122,	2,	'2Z4G',	'DIM 0406/MUSI RAWAS REM-044',	1,	1,	'2017-05-02',	'Admin',	NULL,	'',	1),
(123,	2,	'2Z5A',	'KOREM 045/GARUDA JAYA',	1,	1,	'2017-05-02',	'Admin',	NULL,	'',	1),
(124,	2,	'2Z5B',	'DIM 0413/BANGKA REM 045',	1,	1,	'2017-05-02',	'Admin',	NULL,	'',	1),
(125,	2,	'2Z5C',	'DIM 0414/BELITUNG REM-045',	1,	1,	'2017-05-02',	'Admin',	NULL,	'',	1),
(126,	2,	'3U0B',	'DENINTELDAM-II/SWJ',	1,	1,	'2017-05-02',	'Admin',	NULL,	'',	1),
(127,	2,	'4A0B',	'RINDAM-II/SWJ',	1,	1,	'2017-05-02',	'Admin',	NULL,	'',	1),
(128,	2,	'4E0B',	'ZIDAM-II/SWJ',	1,	1,	'2017-05-02',	'Admin',	NULL,	'',	1),
(129,	2,	'4F0B',	'POMDAM-II/SWJ',	1,	1,	'2017-05-02',	'Admin',	NULL,	'',	1),
(130,	2,	'4G0B',	'BEKANGDAM-II/SWJ',	1,	1,	'2017-05-02',	'Admin',	NULL,	'',	1),
(131,	2,	'4H0B',	'KUMDAM-II/SWJ',	1,	1,	'2017-05-02',	'Admin',	NULL,	'',	1),
(132,	2,	'4J0B',	'PUSKOPAD "A" DAM II/SWJ',	1,	1,	'2017-05-02',	'Admin',	NULL,	'',	1),
(133,	2,	'4K0B',	'KESDAM-II/SWJ',	1,	1,	'2017-05-02',	'Admin',	NULL,	'',	1),
(134,	2,	'4L0B',	'PENDAM-II/SWJ',	1,	1,	'2017-05-02',	'Admin',	NULL,	'',	1),
(135,	2,	'4M0B',	'PALDAM-II/SWJ',	1,	1,	'2017-05-02',	'Admin',	NULL,	'',	1),
(136,	2,	'4N0B',	'HUBDAM-II/SWJ',	1,	1,	'2017-05-02',	'Admin',	NULL,	'',	1),
(137,	2,	'4P0B',	'AJENDAM-II/SWJ',	1,	1,	'2017-05-02',	'Admin',	NULL,	'',	1),
(138,	2,	'4P0D',	'BABINMINVETCADDAM-II/SWJ',	1,	1,	'2017-05-02',	'Admin',	NULL,	'',	1),
(139,	2,	'4Q0B',	'KUDAM-II/SWJ',	1,	1,	'2017-05-02',	'Admin',	NULL,	'',	1),
(140,	2,	'4R0B',	'TOPDAM-II/SWJ',	1,	1,	'2017-05-02',	'Admin',	NULL,	'',	1),
(141,	2,	'4S0B',	'BINTALDAM-II/SWJ',	1,	1,	'2017-05-02',	'Admin',	NULL,	'',	1),
(142,	2,	'4T0B',	'INFOLAHTADAM-II/SWJ',	1,	1,	'2017-05-02',	'Admin',	NULL,	'',	1),
(143,	2,	'4U0B',	'SANDIDAM-II/SWJ',	1,	1,	'2017-05-02',	'Admin',	NULL,	'',	1),
(144,	2,	'4W0B',	'JASDAM-II/SWJ',	1,	1,	'2017-05-02',	'Admin',	NULL,	'',	1),
(145,	2,	'4Z0A',	'DENMADAM-II/SWJ',	1,	1,	'2017-05-02',	'Admin',	NULL,	'',	1),
(146,	2,	'4Z0B',	'ITDAM II/SWJ',	1,	1,	'2017-05-02',	'Admin',	NULL,	'',	1),
(147,	3,	'1A1A',	'BRIGIF-15/DAM III/SLW',	1,	1,	'2017-05-02',	'Admin',	NULL,	'',	1),
(148,	3,	'1A1B',	'YONIF 310/KIDANG KENCANA',	1,	1,	'2017-05-02',	'Admin',	NULL,	'',	1),
(149,	3,	'1A1C',	'YONIF 312/KALA HITAM',	1,	1,	'2017-05-02',	'Admin',	NULL,	'',	1),
(150,	3,	'1A1D',	'YONIF 300/RAIDER',	1,	1,	'2017-05-02',	'Admin',	NULL,	'',	1),
(151,	3,	'1A2B',	'YONIF 301/PRABU KIANSANTANG',	1,	1,	'2017-05-02',	'Admin',	NULL,	'',	1),
(152,	3,	'1A3B',	'YONIF 315/GARUDA',	1,	1,	'2017-05-02',	'Admin',	NULL,	'',	1),
(153,	3,	'1A4B',	'YONIF 320/BADAK PUTIH',	1,	1,	'2017-05-02',	'Admin',	NULL,	'',	1),
(154,	3,	'1B0B',	'YON KAV-4/KIJANG CAKTI',	1,	1,	'2017-05-02',	'Admin',	NULL,	'',	1),
(155,	3,	'1B0C',	'KIKAV 4/TARANTULA HITAM CAKTI',	1,	1,	'2017-05-02',	'Admin',	NULL,	'',	1),
(156,	3,	'1C0B',	'YON ARMED-4/105 GS',	1,	1,	'2017-05-02',	'Admin',	NULL,	'',	1),
(157,	3,	'1C0C',	'YON ARMED 5/105 PANCAGIRI',	1,	1,	'2017-05-02',	'Admin',	NULL,	'',	1),
(158,	3,	'1D0B',	'YON ARHANUDSE-14',	1,	1,	'2017-05-02',	'Admin',	NULL,	'',	1),
(159,	3,	'1D0C',	'YON ARHANUDRI-3 /KELELAWAR',	1,	1,	'2017-05-02',	'Admin',	NULL,	'',	1),
(160,	3,	'1E0B',	'YON ZIPUR 3/YUDHA WYOGRHA',	1,	1,	'2017-05-02',	'Admin',	NULL,	'',	1),
(161,	3,	'2Z0B',	'DIM 0618 BS',	1,	1,	'2017-05-02',	'Admin',	NULL,	'',	1),
(162,	3,	'2Z1A',	'KOREM-061/SURYA KENCANA',	1,	1,	'2017-05-02',	'Admin',	NULL,	'',	1),
(163,	3,	'2Z1B',	'DIM 0606/KOTA BOGOR REM-061',	1,	1,	'2017-05-02',	'Admin',	NULL,	'',	1),
(164,	3,	'2Z1C',	'DIM 0621/KAB. BOGOR REM-061',	1,	1,	'2017-05-02',	'Admin',	NULL,	'',	1),
(165,	3,	'2Z1D',	'DIM 0607/SUKABUMI REM-061',	1,	1,	'2017-05-02',	'Admin',	NULL,	'',	1),
(166,	3,	'2Z1E',	'DIM 0608/CIANJUR REM-061',	1,	1,	'2017-05-02',	'Admin',	NULL,	'',	1),
(167,	3,	'2Z1F',	'DIM 0622/KAB. SUKABUMI',	1,	1,	'2017-05-02',	'Admin',	NULL,	'',	1),
(168,	3,	'2Z2A',	'KOREM-062/TARUMA NAGARA',	1,	1,	'2017-05-02',	'Admin',	NULL,	'',	1),
(169,	3,	'2Z2B',	'DIM 0609/KAB. BANDUNG REM-062',	1,	1,	'2017-05-02',	'Admin',	NULL,	'',	1),
(170,	3,	'2Z2C',	'DIM 0610/SUMEDANG REM-062',	1,	1,	'2017-05-02',	'Admin',	NULL,	'',	1),
(171,	3,	'2Z2D',	'DIM 0611/GARUT REM-062',	1,	1,	'2017-05-02',	'Admin',	NULL,	'',	1),
(172,	3,	'2Z2E',	'DIM 0612/TASIKMALAYA REM-062',	1,	1,	'2017-05-02',	'Admin',	NULL,	'',	1),
(173,	3,	'2Z2F',	'DIM 0613/CIAMIS REM-062',	1,	1,	'2017-05-02',	'Admin',	NULL,	'',	1),
(174,	3,	'2Z3A',	'KOREM-063/SUNAN GUNUNG JATI',	1,	1,	'2017-05-02',	'Admin',	NULL,	'',	1),
(175,	3,	'2Z3B',	'DIM 0604/KARAWANG REM-063',	1,	1,	'2017-05-02',	'Admin',	NULL,	'',	1),
(176,	3,	'2Z3C',	'DIM 0605/SUBANG REM-063',	1,	1,	'2017-05-02',	'Admin',	NULL,	'',	1),
(177,	3,	'2Z3D',	'DIM 0614/KOTA CIREBON REM-063',	1,	1,	'2017-05-02',	'Admin',	NULL,	'',	1),
(178,	3,	'2Z3E',	'DIM 0620/KAB. CIREBON REM-063',	1,	1,	'2017-05-02',	'Admin',	NULL,	'',	1),
(179,	3,	'2Z3F',	'DIM 0615/KUNINGAN REM-063',	1,	1,	'2017-05-02',	'Admin',	NULL,	'',	1),
(180,	3,	'2Z3G',	'DIM 0616/INDRAMAYU REM-063',	1,	1,	'2017-05-02',	'Admin',	NULL,	'',	1),
(181,	3,	'2Z3H',	'DIM 0617/MAJALENGKA REM-063',	1,	1,	'2017-05-02',	'Admin',	NULL,	'',	1),
(182,	3,	'2Z3J',	'DIM 0619/PURWAKARTA REM-063',	1,	1,	'2017-05-02',	'Admin',	NULL,	'',	1),
(183,	3,	'2Z4A',	'KOREM-064/MAULANA YUSUF',	1,	1,	'2017-05-02',	'Admin',	NULL,	'',	1),
(184,	3,	'2Z4B',	'DIM 0601/PANDEGLANG REM-064',	1,	1,	'2017-05-02',	'Admin',	NULL,	'',	1),
(185,	3,	'2Z4C',	'DIM 0602/SERANG REM-064',	1,	1,	'2017-05-02',	'Admin',	NULL,	'',	1),
(186,	3,	'2Z4D',	'DIM 0603/LEBAK REM-064',	1,	1,	'2017-05-02',	'Admin',	NULL,	'',	1),
(187,	3,	'2Z4E',	'DIM 0623/CILEGON REM-064',	1,	1,	'2017-05-02',	'Admin',	NULL,	'',	1),
(188,	3,	'3U0B',	'DENINTELDAM-III/SLW',	1,	1,	'2017-05-02',	'Admin',	NULL,	'',	1),
(189,	3,	'4A0B',	'RINDAM-III/SLW',	1,	1,	'2017-05-02',	'Admin',	NULL,	'',	1),
(190,	3,	'4A0C',	'SECATA-A RINDAM-III/SLW',	1,	1,	'2017-05-02',	'Admin',	NULL,	'',	1),
(191,	3,	'4A0D',	'DODIKLATPUR RINDAM-III/SLW',	1,	1,	'2017-05-02',	'Admin',	NULL,	'',	1),
(192,	3,	'4A0E',	'SECABA RINDAM-III/SLW',	1,	1,	'2017-05-02',	'Admin',	NULL,	'',	1),
(193,	3,	'4A0F',	'DODIKJUR RINDAM-III/SLW',	1,	1,	'2017-05-02',	'Admin',	NULL,	'',	1),
(194,	3,	'4A0G',	'DODIK BELANEG RINDAM-III/SLW',	1,	1,	'2017-05-02',	'Admin',	NULL,	'',	1),
(195,	3,	'4E0B',	'ZIDAM-III/SLW',	1,	1,	'2017-05-02',	'Admin',	NULL,	'',	1),
(196,	3,	'4F0B',	'POMDAM-III/SLW',	1,	1,	'2017-05-02',	'Admin',	NULL,	'',	1),
(197,	3,	'4G0B',	'BEKANGDAM-III/SLW',	1,	1,	'2017-05-02',	'Admin',	NULL,	'',	1),
(198,	3,	'4H0B',	'KUMDAM-III/SLW',	1,	1,	'2017-05-02',	'Admin',	NULL,	'',	1),
(199,	3,	'4K0B',	'KESDAM-III/SLW',	1,	1,	'2017-05-02',	'Admin',	NULL,	'',	1),
(200,	3,	'4K0F',	'RUMKIT DUSTIRA',	1,	1,	'2017-05-02',	'Admin',	NULL,	'',	1),
(201,	3,	'4L0B',	'PENDAM-III/SLW',	1,	1,	'2017-05-02',	'Admin',	NULL,	'',	1),
(202,	3,	'4M0B',	'PALDAM-III/SLW',	1,	1,	'2017-05-02',	'Admin',	NULL,	'',	1),
(203,	3,	'4N0B',	'HUBDAM-III/SLW',	1,	1,	'2017-05-02',	'Admin',	NULL,	'',	1),
(204,	3,	'4P0B',	'AJENDAM-III/SLW',	1,	1,	'2017-05-02',	'Admin',	NULL,	'',	1),
(205,	3,	'4P0D',	'BABINMINVETCADDAM-III/SLW',	1,	1,	'2017-05-02',	'Admin',	NULL,	'',	1),
(206,	3,	'4Q0B',	'KUDAM-III/SLW',	1,	1,	'2017-05-02',	'Admin',	NULL,	'',	1),
(207,	3,	'4R0B',	'TOPDAM-III/SLW',	1,	1,	'2017-05-02',	'Admin',	NULL,	'',	1),
(208,	3,	'4S0B',	'BINTALDAM-III/SLW',	1,	1,	'2017-05-02',	'Admin',	NULL,	'',	1),
(209,	3,	'4T0B',	'INFOLAHTADAM-III/SLW',	1,	1,	'2017-05-02',	'Admin',	NULL,	'',	1),
(210,	3,	'4U0B',	'SANDIDAM III/SLW',	1,	1,	'2017-05-02',	'Admin',	NULL,	'',	1),
(211,	3,	'4W0B',	'JASDAM-III/SLW',	1,	1,	'2017-05-02',	'Admin',	NULL,	'',	1),
(212,	3,	'4Z0A',	'DENMADAM-III/SLW',	1,	1,	'2017-05-02',	'Admin',	NULL,	'',	1),
(213,	3,	'4Z0B',	'ITDAM III/SLW',	1,	1,	'2017-05-02',	'Admin',	NULL,	'',	1),
(214,	4,	'1A0B',	'YONIF RAIDER 400/ BANTENG RAIDER',	1,	1,	'2017-05-02',	'Admin',	NULL,	'',	1),
(215,	4,	'1A1A',	'BRIGIF-4/DEWA RATNA',	1,	1,	'2017-05-02',	'Admin',	NULL,	'',	1),
(216,	4,	'1A1B',	'YONIF 405/SURYA KUSUMA',	1,	1,	'2017-05-02',	'Admin',	NULL,	'',	1),
(217,	7,	'2Z2F',	'DIM 1311/MOROWALI REM-132',	1,	1,	'2017-05-02',	'Admin',	NULL,	'',	1),
(218,	4,	'1A1C',	'YONIF 406/CANDRA KUSUMA',	1,	1,	'2017-05-02',	'Admin',	NULL,	'',	1),
(219,	4,	'1A1D',	'YONIF 407/PADMA KUSUMA',	1,	1,	'2017-05-02',	'Admin',	NULL,	'',	1),
(220,	4,	'1A2B',	'YONIF 403/WIRA SODA PRATISTA',	1,	1,	'2017-05-02',	'Admin',	NULL,	'',	1),
(221,	4,	'1A3B',	'YONIF 410/ALU GORO',	1,	1,	'2017-05-02',	'Admin',	NULL,	'',	1),
(222,	4,	'1A4B',	'YONIF 408/SUHBRASTA',	1,	1,	'2017-05-02',	'Admin',	NULL,	'',	1),
(223,	4,	'1B0B',	'YON KAV-2/TURANGGA CETA',	1,	1,	'2017-05-02',	'Admin',	NULL,	'',	1),
(224,	4,	'1B0C',	'KIKAV 2/JAYENG RATA TOH RAGA',	1,	1,	'2017-05-02',	'Admin',	NULL,	'',	1),
(225,	4,	'1C0B',	'YON ARMED-3/105 TARIK',	1,	1,	'2017-05-02',	'Admin',	NULL,	'',	1),
(226,	4,	'1D0B',	'YON ARHANUDSE-15',	1,	1,	'2017-05-02',	'Admin',	NULL,	'',	1),
(227,	4,	'1E0B',	'YON ZIPUR-4',	1,	1,	'2017-05-02',	'Admin',	NULL,	'',	1),
(228,	4,	'2Z0B',	'DIM 0733 BS',	1,	1,	'2017-05-02',	'Admin',	NULL,	'',	1),
(229,	4,	'2Z1A',	'KOREM-071/WIJAYA KUSUMA',	1,	1,	'2017-05-02',	'Admin',	NULL,	'',	1),
(230,	4,	'2Z1B',	'DIM 0701/BANYUMAS REM-071',	1,	1,	'2017-05-02',	'Admin',	NULL,	'',	1),
(231,	4,	'2Z1C',	'DIM 0702/PURBALINGGA REM-071',	1,	1,	'2017-05-02',	'Admin',	NULL,	'',	1),
(232,	4,	'2Z1D',	'DIM 0703/CILACAP REM-071',	1,	1,	'2017-05-02',	'Admin',	NULL,	'',	1),
(233,	4,	'2Z1E',	'DIM 0710/PEKALONGAN REM-071',	1,	1,	'2017-05-02',	'Admin',	NULL,	'',	1),
(234,	4,	'2Z1F',	'DIM 0711/PEMALANG REM-071',	1,	1,	'2017-05-02',	'Admin',	NULL,	'',	1),
(235,	4,	'2Z1G',	'DIM 0712/TEGAL REM-071',	1,	1,	'2017-05-02',	'Admin',	NULL,	'',	1),
(236,	4,	'2Z1H',	'DIM 0713/BREBES REM-071',	1,	1,	'2017-05-02',	'Admin',	NULL,	'',	1),
(237,	4,	'2Z1J',	'DIM 0704/BANJARNEGARA REM-071',	1,	1,	'2017-05-02',	'Admin',	NULL,	'',	1),
(238,	4,	'2Z1K',	'DIM 0736/BATANG REM-071',	1,	1,	'2017-05-02',	'Admin',	NULL,	'',	1),
(239,	4,	'2Z2A',	'KOREM-072/PAMUNGKAS',	1,	1,	'2017-05-02',	'Admin',	NULL,	'',	1),
(240,	4,	'2Z2B',	'DIM 0705/MAGELANG REM-072',	1,	1,	'2017-05-02',	'Admin',	NULL,	'',	1),
(241,	4,	'2Z2C',	'DIM 0706/TEMANGGUNG REM-072',	1,	1,	'2017-05-02',	'Admin',	NULL,	'',	1),
(242,	4,	'2Z2D',	'DIM 0707/WONOSOBO REM-072',	1,	1,	'2017-05-02',	'Admin',	NULL,	'',	1),
(243,	4,	'2Z2E',	'DIM 0708/PURWOREJO REM-072',	1,	1,	'2017-05-02',	'Admin',	NULL,	'',	1),
(244,	4,	'2Z2F',	'DIM 0709/KEBUMEN REM-072',	1,	1,	'2017-05-02',	'Admin',	NULL,	'',	1),
(245,	4,	'2Z2G',	'DIM 0729/BANTUL REM-072',	1,	1,	'2017-05-02',	'Admin',	NULL,	'',	1),
(246,	4,	'2Z2H',	'DIM 0730/GUNUNG KIDUL REM-072',	1,	1,	'2017-05-02',	'Admin',	NULL,	'',	1),
(247,	4,	'2Z2J',	'DIM 0731/KULON PROGO REM-072',	1,	1,	'2017-05-02',	'Admin',	NULL,	'',	1),
(248,	4,	'2Z2K',	'DIM 0732/SLEMAN REM-072',	1,	1,	'2017-05-02',	'Admin',	NULL,	'',	1),
(249,	4,	'2Z2L',	'DIM 0734/YOGYAKARTA REM-072',	1,	1,	'2017-05-02',	'Admin',	NULL,	'',	1),
(250,	4,	'2Z3A',	'KOREM-073/MAKUTA RAMA',	1,	1,	'2017-05-02',	'Admin',	NULL,	'',	1),
(251,	4,	'2Z3B',	'DIM 0714/SALATIGA REM-073',	1,	1,	'2017-05-02',	'Admin',	NULL,	'',	1),
(252,	4,	'2Z3C',	'DIM 0715/KENDAL REM-073',	1,	1,	'2017-05-02',	'Admin',	NULL,	'',	1),
(253,	4,	'2Z3D',	'DIM 0716/DEMAK REM-073',	1,	1,	'2017-05-02',	'Admin',	NULL,	'',	1),
(254,	4,	'2Z3E',	'DIM 0717/PURWODADI REM-073',	1,	1,	'2017-05-02',	'Admin',	NULL,	'',	1),
(255,	4,	'2Z3F',	'DIM 0718/PATI REM-073',	1,	1,	'2017-05-02',	'Admin',	NULL,	'',	1),
(256,	4,	'2Z3G',	'DIM 0719/JEPARA REM-073',	1,	1,	'2017-05-02',	'Admin',	NULL,	'',	1),
(257,	4,	'2Z3H',	'DIM 0720/REMBANG REM-073',	1,	1,	'2017-05-02',	'Admin',	NULL,	'',	1),
(258,	4,	'2Z3J',	'DIM 0721/BLORA REM-073',	1,	1,	'2017-05-02',	'Admin',	NULL,	'',	1),
(259,	4,	'2Z3K',	'DIM 0722/KUDUS REM-073',	1,	1,	'2017-05-02',	'Admin',	NULL,	'',	1),
(260,	4,	'2Z4A',	'KOREM 074/WARASTRATAMA',	1,	1,	'2017-05-02',	'Admin',	NULL,	'',	1),
(261,	4,	'2Z4B',	'DIM 0723/KLATEN REM-074',	1,	1,	'2017-05-02',	'Admin',	NULL,	'',	1),
(262,	4,	'2Z4C',	'DIM 0724/BOYOLALI REM-074',	1,	1,	'2017-05-02',	'Admin',	NULL,	'',	1),
(263,	4,	'2Z4D',	'DIM 0725/SRAGEN REM074',	1,	1,	'2017-05-02',	'Admin',	NULL,	'',	1),
(264,	4,	'2Z4E',	'DIM 0726/SUKOHARJO REM-074',	1,	1,	'2017-05-02',	'Admin',	NULL,	'',	1),
(265,	4,	'2Z4F',	'DIM 0727/KARANGANYAR REM-074',	1,	1,	'2017-05-02',	'Admin',	NULL,	'',	1),
(266,	4,	'2Z4G',	'DIM 0728/WONOGIRI REM-074',	1,	1,	'2017-05-02',	'Admin',	NULL,	'',	1),
(267,	4,	'2Z4H',	'DIM 0735/KODYA SURAKARTA REM-074',	1,	1,	'2017-05-02',	'Admin',	NULL,	'',	1),
(268,	4,	'3U0B',	'DENINTELDAM-IV/DIP',	1,	1,	'2017-05-02',	'Admin',	NULL,	'',	1),
(269,	4,	'4A0B',	'RINDAM-IV/DIP',	1,	1,	'2017-05-02',	'Admin',	NULL,	'',	1),
(270,	4,	'4E0B',	'ZIDAM-IV/DIP',	1,	1,	'2017-05-02',	'Admin',	NULL,	'',	1),
(271,	4,	'4F0B',	'POMDAM-IV/DIP',	1,	1,	'2017-05-02',	'Admin',	NULL,	'',	1),
(272,	4,	'4G0B',	'BEKANGDAM-IV/DIP',	1,	1,	'2017-05-02',	'Admin',	NULL,	'',	1),
(273,	4,	'4H0B',	'KUMDAM-IV/DIP',	1,	1,	'2017-05-02',	'Admin',	NULL,	'',	1),
(274,	4,	'4J0B',	'PUSKOPAD "A" DAM IV/DIP',	1,	1,	'2017-05-02',	'Admin',	NULL,	'',	1),
(275,	4,	'4K0B',	'KESDAM-IV/DIP',	1,	1,	'2017-05-02',	'Admin',	NULL,	'',	1),
(276,	4,	'4L0B',	'PENDAM-IV/DIP',	1,	1,	'2017-05-02',	'Admin',	NULL,	'',	1),
(277,	4,	'4M0B',	'PALDAM-IV/DIP',	1,	1,	'2017-05-02',	'Admin',	NULL,	'',	1),
(278,	4,	'4N0B',	'HUBDAM-IV/DIP',	1,	1,	'2017-05-02',	'Admin',	NULL,	'',	1),
(279,	4,	'4P0B',	'AJENDAM-IV/DIP',	1,	1,	'2017-05-02',	'Admin',	NULL,	'',	1),
(280,	4,	'4P0D',	'BABINMINVETCADDAM-IV/DIP',	1,	1,	'2017-05-02',	'Admin',	NULL,	'',	1),
(281,	4,	'4Q0B',	'KUDAM-IV/DIP',	1,	1,	'2017-05-02',	'Admin',	NULL,	'',	1),
(282,	4,	'4R0B',	'TOPDAM-IV/DIP',	1,	1,	'2017-05-02',	'Admin',	NULL,	'',	1),
(283,	4,	'4S0B',	'BINTALDAM-IV/DIP',	1,	1,	'2017-05-02',	'Admin',	NULL,	'',	1),
(284,	4,	'4T0B',	'INFOLAHTADAM-IV/DIP',	1,	1,	'2017-05-02',	'Admin',	NULL,	'',	1),
(285,	4,	'4U0B',	'SANDIDAM-IV/DIP',	1,	1,	'2017-05-02',	'Admin',	NULL,	'',	1),
(286,	4,	'4W0B',	'JASDAM-IV/DIP',	1,	1,	'2017-05-02',	'Admin',	NULL,	'',	1),
(287,	4,	'4Z0A',	'DENMADAM-IV/DIP',	1,	1,	'2017-05-02',	'Admin',	NULL,	'',	1),
(288,	4,	'4Z0B',	'ITDAM-IV/DIP',	1,	1,	'2017-05-02',	'Admin',	NULL,	'',	1),
(289,	5,	'1A1A',	'BRIGIF-16/WIRAYUDHA',	1,	1,	'2017-05-02',	'Admin',	NULL,	'',	1),
(290,	5,	'1A1B',	'YONIF 511/DIBYATARA YUDHA',	1,	1,	'2017-05-02',	'Admin',	NULL,	'',	1),
(291,	5,	'1A2B',	'YONIF 521/DADAHA YUDHA',	1,	1,	'2017-05-02',	'Admin',	NULL,	'',	1),
(292,	5,	'1A3B',	'YONIF 512/QURATARA YUDHA',	1,	1,	'2017-05-02',	'Admin',	NULL,	'',	1),
(293,	5,	'1A3C',	'YONIF 527/BALADIBYA YUDHA',	1,	1,	'2017-05-02',	'Admin',	NULL,	'',	1),
(294,	5,	'1A4B',	'YONIF MEKANIS 516/CARAKA YODHA',	1,	1,	'2017-05-02',	'Admin',	NULL,	'',	1),
(295,	5,	'1A4C',	'YONIF 500/RAIDER',	1,	1,	'2017-05-02',	'Admin',	NULL,	'',	1),
(296,	5,	'1B0B',	'YON KAV-3/ANDHAKA CAKTI',	1,	1,	'2017-05-02',	'Admin',	NULL,	'',	1),
(297,	5,	'1B0C',	'KIKAV 3/TUPAI SETIA CAKTI',	1,	1,	'2017-05-02',	'Admin',	NULL,	'',	1),
(298,	15,	'1C0B',	'YON ARMED-1/105 TARIK',	1,	1,	'2017-05-02',	'Admin',	NULL,	'',	1),
(299,	5,	'1D0C',	'YON ARHANUDSE-8',	1,	1,	'2017-05-02',	'Admin',	NULL,	'',	1),
(300,	5,	'1E0B',	'YON ZIPUR-5',	1,	1,	'2017-05-02',	'Admin',	NULL,	'',	1),
(301,	5,	'2Z1A',	'KOREM-081/DHIROT SAHJAYA',	1,	1,	'2017-05-02',	'Admin',	NULL,	'',	1),
(302,	5,	'2Z1B',	'DIM 0801/PACITAN REM-081',	1,	1,	'2017-05-02',	'Admin',	NULL,	'',	1),
(303,	5,	'2Z1C',	'DIM 0802/PONOROGO REM-081',	1,	1,	'2017-05-02',	'Admin',	NULL,	'',	1),
(304,	5,	'2Z1D',	'DIM 0803/MADIUN REM-081',	1,	1,	'2017-05-02',	'Admin',	NULL,	'',	1),
(305,	5,	'2Z1E',	'DIM 0804/MAGETAN REM-081',	1,	1,	'2017-05-02',	'Admin',	NULL,	'',	1),
(306,	5,	'2Z1F',	'DIM 0805/NGAWI REM-081',	1,	1,	'2017-05-02',	'Admin',	NULL,	'',	1),
(307,	5,	'2Z1G',	'DIM 0806/TRENGGALEK REM-081',	1,	1,	'2017-05-02',	'Admin',	NULL,	'',	1),
(308,	5,	'2Z1H',	'DIM 0807/TULUNGAGUNG REM-081',	1,	1,	'2017-05-02',	'Admin',	NULL,	'',	1),
(309,	5,	'2Z1J',	'DIM 0808/BLITAR REM-081',	1,	1,	'2017-05-02',	'Admin',	NULL,	'',	1),
(310,	5,	'2Z1L',	'DIM 0810/NGANJUK REM-081',	1,	1,	'2017-05-02',	'Admin',	NULL,	'',	1),
(311,	5,	'2Z2A',	'KOREM-082/CITRA PANCA YUDHA',	1,	1,	'2017-05-02',	'Admin',	NULL,	'',	1),
(312,	5,	'2Z2B',	'DIM 0811/TUBAN REM-082',	1,	1,	'2017-05-02',	'Admin',	NULL,	'',	1),
(313,	5,	'2Z2C',	'DIM 0812/LAMONGAN REM-082',	1,	1,	'2017-05-02',	'Admin',	NULL,	'',	1),
(314,	5,	'2Z2D',	'DIM 0813/BOJONEGORO REM-082',	1,	1,	'2017-05-02',	'Admin',	NULL,	'',	1),
(315,	5,	'2Z2E',	'DIM 0814/JOMBANG REM-082',	1,	1,	'2017-05-02',	'Admin',	NULL,	'',	1),
(316,	5,	'2Z2F',	'DIM 0815/MOJOKERTO REM-082',	1,	1,	'2017-05-02',	'Admin',	NULL,	'',	1),
(317,	5,	'2Z2G',	'DIM 0809/KEDIRI REM-082',	1,	1,	'2017-05-02',	'Admin',	NULL,	'',	1),
(318,	5,	'2Z3A',	'KOREM-083/BALADHIKA JAYA',	1,	1,	'2017-05-02',	'Admin',	NULL,	'',	1),
(319,	5,	'2Z3B',	'DIM 0818/KAB. MALANG REM-083',	1,	1,	'2017-05-02',	'Admin',	NULL,	'',	1),
(320,	5,	'2Z3C',	'DIM 0820/PROBOLINGGO REM-083',	1,	1,	'2017-05-02',	'Admin',	NULL,	'',	1),
(321,	5,	'2Z3D',	'DIM 0821/LUMAJANG REM-083',	1,	1,	'2017-05-02',	'Admin',	NULL,	'',	1),
(322,	5,	'2Z3E',	'DIM 0822/BONDOWOSO REM-083',	1,	1,	'2017-05-02',	'Admin',	NULL,	'',	1),
(323,	5,	'2Z3F',	'DIM 0823/SITUBONDO REM-083',	1,	1,	'2017-05-02',	'Admin',	NULL,	'',	1),
(324,	5,	'2Z3G',	'DIM 0824/JEMBER REM-083',	1,	1,	'2017-05-02',	'Admin',	NULL,	'',	1),
(325,	5,	'2Z3H',	'DIM 0825/BANYUWANGI REM-083',	1,	1,	'2017-05-02',	'Admin',	NULL,	'',	1),
(326,	5,	'2Z3J',	'DIM 0819/PASURUAN REM-083',	1,	1,	'2017-05-02',	'Admin',	NULL,	'',	1),
(327,	5,	'2Z3N',	'DIM 0833/KODYA MALANG REM-083',	1,	1,	'2017-05-02',	'Admin',	NULL,	'',	1),
(328,	5,	'2Z4A',	'KOREM-084/BHASKARA JAYA',	1,	1,	'2017-05-02',	'Admin',	NULL,	'',	1),
(329,	5,	'2Z4B',	'DIM 0816/SIDOARJO REM-084',	1,	1,	'2017-05-02',	'Admin',	NULL,	'',	1),
(330,	5,	'2Z4C',	'DIM 0817/GRESIK REM-084',	1,	1,	'2017-05-02',	'Admin',	NULL,	'',	1),
(331,	5,	'2Z4D',	'DIM 0830/SURABAYA UTARA REM-084',	1,	1,	'2017-05-02',	'Admin',	NULL,	'',	1),
(332,	5,	'2Z4E',	'DIM 0831/SURABAYA TIMUR REM-084',	1,	1,	'2017-05-02',	'Admin',	NULL,	'',	1),
(333,	5,	'2Z4F',	'DIM 0832/SURABAYA SELATAN REM-084',	1,	1,	'2017-05-02',	'Admin',	NULL,	'',	1),
(334,	5,	'2Z4G',	'DIM 0826/PAMEKASAN REM-084',	1,	1,	'2017-05-02',	'Admin',	NULL,	'',	1),
(335,	5,	'2Z4H',	'DIM 0827/SUMENEP REM-084',	1,	1,	'2017-05-02',	'Admin',	NULL,	'',	1),
(336,	13,	'2Z3E',	'DIM 1714/PUNCAK JAYA',	1,	1,	'2017-05-02',	'Admin',	NULL,	'',	1),
(337,	5,	'2Z4J',	'DIM 0828/SAMPANG REM-084',	1,	1,	'2017-05-02',	'Admin',	NULL,	'',	1),
(338,	5,	'2Z4K',	'DIM 0829/BANGKALAN REM-084',	1,	1,	'2017-05-02',	'Admin',	NULL,	'',	1),
(339,	5,	'3U0B',	'DENINTELDAM-V/BRW',	1,	1,	'2017-05-02',	'Admin',	NULL,	'',	1),
(340,	5,	'4A0B',	'RINDAM-V/BRW',	1,	1,	'2017-05-02',	'Admin',	NULL,	'',	1),
(341,	5,	'4A0C',	'SECATA-A RINDAM-V/BRW',	1,	1,	'2017-05-02',	'Admin',	NULL,	'',	1),
(342,	5,	'4A0D',	'SECABA RINDAM-V/BRW',	1,	1,	'2017-05-02',	'Admin',	NULL,	'',	1),
(343,	5,	'4A0E',	'DODIKLATPUR RINDAM-V/BRW',	1,	1,	'2017-05-02',	'Admin',	NULL,	'',	1),
(344,	5,	'4A0F',	'DODIKJUR RINDAM-V/BRW',	1,	1,	'2017-05-02',	'Admin',	NULL,	'',	1),
(345,	5,	'4A0G',	'DODIK BELANEG RINDAM-V/BRW',	1,	1,	'2017-05-02',	'Admin',	NULL,	'',	1),
(346,	5,	'4E0B',	'ZIDAM-V/BRW',	1,	1,	'2017-05-02',	'Admin',	NULL,	'',	1),
(347,	5,	'4F0B',	'POMDAM-V/BRW',	1,	1,	'2017-05-02',	'Admin',	NULL,	'',	1),
(348,	5,	'4G0B',	'BEKANGDAM-V/BRW',	1,	1,	'2017-05-02',	'Admin',	NULL,	'',	1),
(349,	5,	'4H0B',	'KUMDAM-V/BRW',	1,	1,	'2017-05-02',	'Admin',	NULL,	'',	1),
(350,	5,	'4J0B',	'PUSKOPAD "A" DAM V/BRW',	1,	1,	'2017-05-02',	'Admin',	NULL,	'',	1),
(351,	5,	'4K0B',	'KESDAM-V/BRW',	1,	1,	'2017-05-02',	'Admin',	NULL,	'',	1),
(352,	5,	'4L0B',	'PENDAM-V/BRW',	1,	1,	'2017-05-02',	'Admin',	NULL,	'',	1),
(353,	5,	'4M0B',	'PALDAM-V/BRW',	1,	1,	'2017-05-02',	'Admin',	NULL,	'',	1),
(354,	5,	'4N0B',	'HUBDAM-V/BRW',	1,	1,	'2017-05-02',	'Admin',	NULL,	'',	1),
(355,	5,	'4P0B',	'AJENDAM-V/BRW',	1,	1,	'2017-05-02',	'Admin',	NULL,	'',	1),
(356,	5,	'4P0D',	'BABINMINVETCADDAM V/BRW',	1,	1,	'2017-05-02',	'Admin',	NULL,	'',	1),
(357,	5,	'4Q0B',	'KUDAM-V/BRW',	1,	1,	'2017-05-02',	'Admin',	NULL,	'',	1),
(358,	5,	'4R0B',	'TOPDAM-V/BRW',	1,	1,	'2017-05-02',	'Admin',	NULL,	'',	1),
(359,	5,	'4S0B',	'BINTALDAM-V/BRW',	1,	1,	'2017-05-02',	'Admin',	NULL,	'',	1),
(360,	5,	'4T0B',	'INFOLAHTADAM-V/BRW',	1,	1,	'2017-05-02',	'Admin',	NULL,	'',	1),
(361,	5,	'4U0B',	'SANDIDAM-V/BRW',	1,	1,	'2017-05-02',	'Admin',	NULL,	'',	1),
(362,	5,	'4W0B',	'JASDAM-V/BRW',	1,	1,	'2017-05-02',	'Admin',	NULL,	'',	1),
(363,	5,	'4Z0A',	'DENMADAM-V/BRW',	1,	1,	'2017-05-02',	'Admin',	NULL,	'',	1),
(364,	5,	'4Z0B',	'ITDAM-V/BRW',	1,	1,	'2017-05-02',	'Admin',	NULL,	'',	1),
(365,	6,	'1A0B',	'YONIF 614 /RAJA PANDHITA',	1,	1,	'2017-05-02',	'Admin',	NULL,	'',	1),
(366,	6,	'1A1C',	'YONIF 600/RAIDER',	1,	1,	'2017-05-02',	'Admin',	NULL,	'',	1),
(367,	6,	'1A1E',	'YONIF 611/AWANG LONG',	1,	1,	'2017-05-02',	'Admin',	NULL,	'',	1),
(368,	6,	'1A1F',	'YONIF 613/RAJA ALAM',	1,	1,	'2017-05-02',	'Admin',	NULL,	'',	1),
(369,	6,	'1A2A',	'BRIGIF-24/BULUNGAN CAKTI',	1,	1,	'2017-05-02',	'Admin',	NULL,	'',	1),
(370,	6,	'1A2B',	'YONIF 621/MANUNTUNG',	1,	1,	'2017-05-02',	'Admin',	NULL,	'',	1),
(371,	6,	'1A2C',	'YONIF 623/BHAKTI WIRA UTAMA',	1,	1,	'2017-05-02',	'Admin',	NULL,	'',	1),
(372,	6,	'1B0B',	'DENKAV-1 DAM VI/MLW',	1,	1,	'2017-05-02',	'Admin',	NULL,	'',	1),
(373,	6,	'1B0C',	'YONKAV-13/SATYA LEMBUSWANA',	1,	1,	'2017-05-02',	'Admin',	NULL,	'',	1),
(374,	6,	'1C0C',	'YON ARMED 18/105 MM /TARIK /BURITKANG',	1,	1,	'2017-05-02',	'Admin',	NULL,	'',	1),
(375,	6,	'1D0E',	'DEN ARHANUD RUDAL 002',	1,	1,	'2017-05-02',	'Admin',	NULL,	'',	1),
(376,	6,	'1E0B',	'DEN ZIPUR-7',	1,	1,	'2017-05-02',	'Admin',	NULL,	'',	1),
(377,	6,	'1E0C',	'DEN ZIPUR-8',	1,	1,	'2017-05-02',	'Admin',	NULL,	'',	1),
(378,	6,	'1E0D',	'YON ZIPUR-17/AD',	1,	1,	'2017-05-02',	'Admin',	NULL,	'',	1),
(379,	6,	'2Z1A',	'KOREM-091/AJISURYANATAKUSUMA',	1,	1,	'2017-05-02',	'Admin',	NULL,	'',	1),
(380,	6,	'2Z1B',	'DIM 0901/SAMARINDA REM-091',	1,	1,	'2017-05-02',	'Admin',	NULL,	'',	1),
(381,	6,	'2Z1C',	'DIM 0902/TRD REM-091',	1,	1,	'2017-05-02',	'Admin',	NULL,	'',	1),
(382,	6,	'2Z1D',	'DIM 0903/TANJUNG SELOR REM-091',	1,	1,	'2017-05-02',	'Admin',	NULL,	'',	1),
(383,	6,	'2Z1E',	'DIM 0904/TNG REM-091',	1,	1,	'2017-05-02',	'Admin',	NULL,	'',	1),
(384,	6,	'2Z1F',	'DIM 0905/BS',	1,	1,	'2017-05-02',	'Admin',	NULL,	'',	1),
(385,	6,	'2Z1G',	'DIM 0906/TENGGARONG REM-091',	1,	1,	'2017-05-02',	'Admin',	NULL,	'',	1),
(386,	6,	'2Z1H',	'DIM 0907/TARAKAN REM-091',	1,	1,	'2017-05-02',	'Admin',	NULL,	'',	1),
(387,	6,	'2Z1J',	'DIM 0908/BONTANG REM-091',	1,	1,	'2017-05-02',	'Admin',	NULL,	'',	1),
(388,	6,	'2Z1K',	'DIM 0909/SANGATTA REM-091',	1,	1,	'2017-05-02',	'Admin',	NULL,	'',	1),
(389,	6,	'2Z1L',	'DIM 0910/MALINAU REM-091',	1,	1,	'2017-05-02',	'Admin',	NULL,	'',	1),
(390,	6,	'2Z1M',	'DIM 0911/NUNUKAN REM-091',	1,	1,	'2017-05-02',	'Admin',	NULL,	'',	1),
(391,	6,	'2Z1N',	'DIM 0912/KUTAI BARAT',	1,	1,	'2017-05-02',	'Admin',	NULL,	'',	1),
(392,	6,	'2Z2A',	'KOREM-101/ANTASARI',	1,	1,	'2017-05-02',	'Admin',	NULL,	'',	1),
(393,	6,	'2Z2B',	'DIM 1001/AMUNTAI REM-101',	1,	1,	'2017-05-02',	'Admin',	NULL,	'',	1),
(394,	6,	'2Z2C',	'DIM 1002/BARABAI REM-101',	1,	1,	'2017-05-02',	'Admin',	NULL,	'',	1),
(395,	6,	'2Z2D',	'DIM 1003/KANDANGAN REM-101',	1,	1,	'2017-05-02',	'Admin',	NULL,	'',	1),
(396,	6,	'2Z2E',	'DIM 1004/KOTABARU REM-101',	1,	1,	'2017-05-02',	'Admin',	NULL,	'',	1),
(397,	6,	'2Z2F',	'DIM 1005/MARABAHAN REM-101',	1,	1,	'2017-05-02',	'Admin',	NULL,	'',	1),
(398,	6,	'2Z2G',	'DIM 1006/MARTAPURA REM-101',	1,	1,	'2017-05-02',	'Admin',	NULL,	'',	1),
(399,	1,	'2Z5L',	'DIM 0321/ROHIL REM-031',	1,	1,	'2017-05-02',	'Admin',	NULL,	'',	1),
(400,	6,	'2Z2H',	'DIM 1007/BANJARMASIN REM-101',	1,	1,	'2017-05-02',	'Admin',	NULL,	'',	1),
(401,	6,	'2Z2J',	'DIM 1008/TANJUNG REM-101',	1,	1,	'2017-05-02',	'Admin',	NULL,	'',	1),
(402,	6,	'2Z2K',	'DIM 1009/PLH REM-101',	1,	1,	'2017-05-02',	'Admin',	NULL,	'',	1),
(403,	6,	'2Z2L',	'DIM 1010/RANTAU REM-101',	1,	1,	'2017-05-02',	'Admin',	NULL,	'',	1),
(404,	6,	'2Z2M',	'DIM 1022/KAB. TANAH BUMBU',	1,	1,	'2017-05-02',	'Admin',	NULL,	'',	1),
(405,	6,	'3U0B',	'DENINTELDAM-VI/MLW',	1,	1,	'2017-05-02',	'Admin',	NULL,	'',	1),
(406,	6,	'4A0B',	'RINDAM-VI/MLW',	1,	1,	'2017-05-02',	'Admin',	NULL,	'',	1),
(407,	6,	'4A0C',	'SECATA-B RINDAM-VI/MLW-SKW',	1,	1,	'2017-05-02',	'Admin',	NULL,	'',	1),
(408,	6,	'4A0D',	'DODIKJUR RINDAM-VI/MLW-BPP',	1,	1,	'2017-05-02',	'Admin',	NULL,	'',	1),
(409,	6,	'4E0B',	'ZIDAM-VI/MLW',	1,	1,	'2017-05-02',	'Admin',	NULL,	'',	1),
(410,	6,	'4F0B',	'POMDAM-VI/MLW',	1,	1,	'2017-05-02',	'Admin',	NULL,	'',	1),
(411,	6,	'4G0B',	'BEKANGDAM-VI/MLW',	1,	1,	'2017-05-02',	'Admin',	NULL,	'',	1),
(412,	6,	'4H0B',	'KUMDAM-VI/MLW',	1,	1,	'2017-05-02',	'Admin',	NULL,	'',	1),
(413,	6,	'4J0B',	'PUSKOPAD "A" DAM VI/MLW-BPP',	1,	1,	'2017-05-02',	'Admin',	NULL,	'',	1),
(414,	6,	'4J0C',	'PUSKOPAD "B" DAM VI/MLW-PTK',	1,	1,	'2017-05-02',	'Admin',	NULL,	'',	1),
(415,	6,	'4J0D',	'PUSKOPAD "B" DAM VI/MLW-BJM',	1,	1,	'2017-05-02',	'Admin',	NULL,	'',	1),
(416,	6,	'4K0B',	'KESDAM-VI/MLW',	1,	1,	'2017-05-02',	'Admin',	NULL,	'',	1),
(417,	6,	'4L0B',	'PENDAM-VI/MLW',	1,	1,	'2017-05-02',	'Admin',	NULL,	'',	1),
(418,	6,	'4M0B',	'PALDAM-VI/MLW',	1,	1,	'2017-05-02',	'Admin',	NULL,	'',	1),
(419,	6,	'4N0B',	'HUBDAM-VI/MLW',	1,	1,	'2017-05-02',	'Admin',	NULL,	'',	1),
(420,	6,	'4P0B',	'AJENDAM-VI/MLW',	1,	1,	'2017-05-02',	'Admin',	NULL,	'',	1),
(421,	6,	'4P0D',	'BABINMINVETCADDAM-VI/MLW',	1,	1,	'2017-05-02',	'Admin',	NULL,	'',	1),
(422,	6,	'4Q0B',	'KUDAM-VI/MLW',	1,	1,	'2017-05-02',	'Admin',	NULL,	'',	1),
(423,	6,	'4R0B',	'TOPDAM-VI/MLW',	1,	1,	'2017-05-02',	'Admin',	NULL,	'',	1),
(424,	6,	'4S0B',	'BINTALDAM-VI/MLW',	1,	1,	'2017-05-02',	'Admin',	NULL,	'',	1),
(425,	6,	'4T0B',	'INFOLAHTADAM-VI/MLW',	1,	1,	'2017-05-02',	'Admin',	NULL,	'',	1),
(426,	6,	'4U0B',	'SANDIDAM-VI/MLW',	1,	1,	'2017-05-02',	'Admin',	NULL,	'',	1),
(427,	6,	'4W0B',	'JASDAM-VI/MLW',	1,	1,	'2017-05-02',	'Admin',	NULL,	'',	1),
(428,	6,	'4Z0A',	'DENMADAM-VI/MLW',	1,	1,	'2017-05-02',	'Admin',	NULL,	'',	1),
(429,	6,	'4Z0B',	'ITDAM-VI/MLW',	1,	1,	'2017-05-02',	'Admin',	NULL,	'',	1),
(430,	7,	'1A0B',	'YONIF 700/RAIDER',	1,	1,	'2017-05-02',	'Admin',	NULL,	'',	1),
(431,	7,	'1A1B',	'YONIF-712/RAIDER',	1,	1,	'2017-05-02',	'Admin',	NULL,	'',	1),
(432,	7,	'1A1C',	'YONIF-713/SATYATAMA',	1,	1,	'2017-05-02',	'Admin',	NULL,	'',	1),
(433,	7,	'1A2B',	'YONIF 711/RAKSATAMA',	1,	1,	'2017-05-02',	'Admin',	NULL,	'',	1),
(434,	7,	'1A2C',	'YONIF 714/SINTUWU MAROSO',	1,	1,	'2017-05-02',	'Admin',	NULL,	'',	1),
(435,	7,	'1A2D',	'YONIF715/MOTULIANTO',	1,	1,	'2017-05-02',	'Admin',	NULL,	'',	1),
(436,	7,	'1A3B',	'YONIF 726/TAMALATEA',	1,	1,	'2017-05-02',	'Admin',	NULL,	'',	1),
(437,	7,	'1A4A',	'BRIGIF 22/OTA MANASA',	1,	1,	'2017-05-02',	'Admin',	NULL,	'',	1),
(438,	7,	'1A4B',	'YONIF 721/MAKKASAU',	1,	1,	'2017-05-02',	'Admin',	NULL,	'',	1),
(439,	7,	'1A5B',	'YONIF 725/WOROAGI',	1,	1,	'2017-05-02',	'Admin',	NULL,	'',	1),
(440,	7,	'1B0B',	'YON KAV-10/MENDAGIRI',	1,	1,	'2017-05-02',	'Admin',	NULL,	'',	1),
(441,	7,	'1B0C',	'KIKAV 10/MANGUNI SETIA CAKTI',	1,	1,	'2017-05-02',	'Admin',	NULL,	'',	1),
(442,	7,	'1C0B',	'YON ARMED-6/76 TARIK',	1,	1,	'2017-05-02',	'Admin',	NULL,	'',	1),
(443,	7,	'1C0C',	'YONARMED-19/105/TARIK/BOGANI',	1,	1,	'2017-05-02',	'Admin',	NULL,	'',	1),
(444,	7,	'1D0D',	'RAI ARHANUDRI 141/BS',	1,	1,	'2017-05-02',	'Admin',	NULL,	'',	1),
(445,	7,	'1D0H',	'YON ARHANUDSE 16/MALEO',	1,	1,	'2017-05-02',	'Admin',	NULL,	'',	1),
(446,	7,	'1E0B',	'YON ZIPUR-8',	1,	1,	'2017-05-02',	'Admin',	NULL,	'',	1),
(447,	7,	'1E0C',	'DEN ZIPUR-4',	1,	1,	'2017-05-02',	'Admin',	NULL,	'',	1),
(448,	7,	'2Z0B',	'DIM-1408 BS',	1,	1,	'2017-05-02',	'Admin',	NULL,	'',	1),
(449,	7,	'2Z1A',	'KOREM-131/SANTIAGO',	1,	1,	'2017-05-02',	'Admin',	NULL,	'',	1),
(450,	7,	'2Z1B',	'DIM 1301/SATAL REM-131',	1,	1,	'2017-05-02',	'Admin',	NULL,	'',	1),
(451,	7,	'2Z1C',	'DIM 1302/MINAHASA REM-131',	1,	1,	'2017-05-02',	'Admin',	NULL,	'',	1),
(452,	7,	'2Z1D',	'DIM 1303/BOLMONG REM-131',	1,	1,	'2017-05-02',	'Admin',	NULL,	'',	1),
(453,	7,	'2Z1E',	'DIM 1304/GORONTALO REM-131',	1,	1,	'2017-05-02',	'Admin',	NULL,	'',	1),
(454,	7,	'2Z1F',	'DIM 1309/MANADO REM-131',	1,	1,	'2017-05-02',	'Admin',	NULL,	'',	1),
(455,	7,	'2Z1G',	'DIM 1310/BITUNG REM-131',	1,	1,	'2017-05-02',	'Admin',	NULL,	'',	1),
(456,	7,	'2Z2A',	'KOREM-132/TADULAKO',	1,	1,	'2017-05-02',	'Admin',	NULL,	'',	1),
(457,	7,	'2Z2B',	'DIM 1305/BUOL TOLI-TOLI REM-132',	1,	1,	'2017-05-02',	'Admin',	NULL,	'',	1),
(458,	7,	'2Z2C',	'DIM 1306/DONGGALA REM-132',	1,	1,	'2017-05-02',	'Admin',	NULL,	'',	1),
(459,	7,	'2Z2D',	'DIM 1307/POSO REM-132',	1,	1,	'2017-05-02',	'Admin',	NULL,	'',	1),
(460,	7,	'2Z2E',	'DIM 1308/LUBUK BANGGAI REM-132',	1,	1,	'2017-05-02',	'Admin',	NULL,	'',	1),
(461,	7,	'2Z3A',	'KOREM-141/TODOPULI',	1,	1,	'2017-05-02',	'Admin',	NULL,	'',	1),
(462,	7,	'2Z3B',	'DIM 1406/WAJO REM-141',	1,	1,	'2017-05-02',	'Admin',	NULL,	'',	1),
(463,	7,	'2Z3C',	'DIM 1407/BONE REM-141',	1,	1,	'2017-05-02',	'Admin',	NULL,	'',	1),
(464,	7,	'2Z3D',	'DIM 1409/GOWA REM-141',	1,	1,	'2017-05-02',	'Admin',	NULL,	'',	1),
(465,	7,	'2Z3E',	'DIM 1410/BANTAENG REM-141',	1,	1,	'2017-05-02',	'Admin',	NULL,	'',	1),
(466,	7,	'2Z3F',	'DIM 1411/BULUKUMBA REM-141',	1,	1,	'2017-05-02',	'Admin',	NULL,	'',	1),
(467,	7,	'2Z3G',	'DIM 1415/SELAYAR REM-141',	1,	1,	'2017-05-02',	'Admin',	NULL,	'',	1),
(468,	7,	'2Z3H',	'DIM 1422/MAROS REM-141',	1,	1,	'2017-05-02',	'Admin',	NULL,	'',	1),
(469,	7,	'2Z3J',	'DIM 1423/SOPPENG REM-141',	1,	1,	'2017-05-02',	'Admin',	NULL,	'',	1),
(470,	7,	'2Z3K',	'DIM 1424/SINJAI REM-141',	1,	1,	'2017-05-02',	'Admin',	NULL,	'',	1),
(471,	7,	'2Z3L',	'DIM 1425/JENEPONTO REM-141',	1,	1,	'2017-05-02',	'Admin',	NULL,	'',	1),
(472,	7,	'2Z3M',	'DIM 1426/TAKALAR REM-141',	1,	1,	'2017-05-02',	'Admin',	NULL,	'',	1),
(473,	7,	'2Z4A',	'KOREM-142/TAROADA TAROGAU',	1,	1,	'2017-05-02',	'Admin',	NULL,	'',	1),
(474,	7,	'2Z4B',	'DIM 1401/MAJENE REM-142',	1,	1,	'2017-05-02',	'Admin',	NULL,	'',	1),
(475,	7,	'2Z4C',	'DIM 1402/POLMAS REM-142',	1,	1,	'2017-05-02',	'Admin',	NULL,	'',	1),
(476,	7,	'2Z4D',	'DIM 1403/SAWERIGADING REM-142',	1,	1,	'2017-05-02',	'Admin',	NULL,	'',	1),
(477,	7,	'2Z4E',	'DIM 1404/PINRANG REM-142',	1,	1,	'2017-05-02',	'Admin',	NULL,	'',	1),
(478,	7,	'2Z4F',	'DIM 1405/MALLUSETASI REM-142',	1,	1,	'2017-05-02',	'Admin',	NULL,	'',	1),
(479,	7,	'2Z4G',	'DIM 1414/TATOR REM-142',	1,	1,	'2017-05-02',	'Admin',	NULL,	'',	1),
(480,	7,	'2Z4H',	'DIM 1418/MAMUJU REM-142',	1,	1,	'2017-05-02',	'Admin',	NULL,	'',	1),
(481,	7,	'2Z4J',	'DIM 1419/ENREKANG REM-142',	1,	1,	'2017-05-02',	'Admin',	NULL,	'',	1),
(482,	7,	'2Z4K',	'DIM 1420/SIDRAP REM-142',	1,	1,	'2017-05-02',	'Admin',	NULL,	'',	1),
(483,	7,	'2Z4L',	'DIM 1421/PANGKEP REM-142',	1,	1,	'2017-05-02',	'Admin',	NULL,	'',	1),
(484,	7,	'2Z5A',	'KOREM-143/HALUOLEO',	1,	1,	'2017-05-02',	'Admin',	NULL,	'',	1),
(485,	7,	'2Z5B',	'DIM 1412/KOLAKA REM-143',	1,	1,	'2017-05-02',	'Admin',	NULL,	'',	1),
(486,	7,	'2Z5C',	'DIM 1413/BUTON REM-143',	1,	1,	'2017-05-02',	'Admin',	NULL,	'',	1),
(487,	7,	'2Z5D',	'DIM 1416/MUNA REM-143',	1,	1,	'2017-05-02',	'Admin',	NULL,	'',	1),
(488,	7,	'2Z5E',	'DIM 1417/KENDARI REM-143',	1,	1,	'2017-05-02',	'Admin',	NULL,	'',	1),
(489,	7,	'3U0B',	'DENINTELDAM-VII/WRB',	1,	1,	'2017-05-02',	'Admin',	NULL,	'',	1),
(490,	7,	'4A0B',	'RINDAM-VII/WRB',	1,	1,	'2017-05-02',	'Admin',	NULL,	'',	1),
(491,	7,	'4E0B',	'ZIDAM-VII/WRB',	1,	1,	'2017-05-02',	'Admin',	NULL,	'',	1),
(492,	7,	'4F0B',	'POMDAM-VII/WRB',	1,	1,	'2017-05-02',	'Admin',	NULL,	'',	1),
(493,	7,	'4G0B',	'BEKANGDAM-VII/WRB',	1,	1,	'2017-05-02',	'Admin',	NULL,	'',	1),
(494,	7,	'4H0B',	'KUMDAM-VII/WRB',	1,	1,	'2017-05-02',	'Admin',	NULL,	'',	1),
(495,	7,	'4J0B',	'PUSKOPAD "A" DAM VII/WRB',	1,	1,	'2017-05-02',	'Admin',	NULL,	'',	1),
(496,	7,	'4J0C',	'PUSKOPAD "B" DAM VII/WRB-MND',	1,	1,	'2017-05-02',	'Admin',	NULL,	'',	1),
(497,	7,	'4K0B',	'KESDAM-VII/WRB',	1,	1,	'2017-05-02',	'Admin',	NULL,	'',	1),
(498,	7,	'4L0B',	'PENDAM-VII/WRB',	1,	1,	'2017-05-02',	'Admin',	NULL,	'',	1),
(499,	7,	'4M0B',	'PALDAM-VII/WRB',	1,	1,	'2017-05-02',	'Admin',	NULL,	'',	1),
(500,	7,	'4N0B',	'HUBDAM-VII/WRB',	1,	1,	'2017-05-02',	'Admin',	NULL,	'',	1),
(501,	7,	'4P0B',	'AJENDAM-VII/WRB',	1,	1,	'2017-05-02',	'Admin',	NULL,	'',	1),
(502,	7,	'4P0D',	'BABINMINVETCADDAM-VII/WRB',	1,	1,	'2017-05-02',	'Admin',	NULL,	'',	1),
(503,	7,	'4Q0B',	'KUDAM-VII/WRB',	1,	1,	'2017-05-02',	'Admin',	NULL,	'',	1),
(504,	7,	'4R0B',	'TOPDAM-VII/WRB',	1,	1,	'2017-05-02',	'Admin',	NULL,	'',	1),
(505,	7,	'4S0B',	'BINTALDAM-VII/WRB',	1,	1,	'2017-05-02',	'Admin',	NULL,	'',	1),
(506,	7,	'4T0B',	'INFOLAHTADAM-VII/WRB',	1,	1,	'2017-05-02',	'Admin',	NULL,	'',	1),
(507,	7,	'4U0B',	'SANDIDAM VII/WRB',	1,	1,	'2017-05-02',	'Admin',	NULL,	'',	1),
(508,	7,	'4W0B',	'JASDAM-VII/WRB',	1,	1,	'2017-05-02',	'Admin',	NULL,	'',	1),
(509,	7,	'4Z0A',	'DENMADAM-VII/WRB',	1,	1,	'2017-05-02',	'Admin',	NULL,	'',	1),
(510,	7,	'4Z0B',	'ITDAM VII/WRB',	1,	1,	'2017-05-02',	'Admin',	NULL,	'',	1),
(511,	8,	'1A1A',	'BRIGIF 21/KOMODO',	1,	1,	'2017-05-02',	'Admin',	NULL,	'',	1),
(512,	8,	'1A1B',	'YONIF 744/SYB (DIPERKUAT)I',	1,	1,	'2017-05-02',	'Admin',	NULL,	'',	1),
(513,	8,	'1A2B',	'YONIF 742/SATYA WIRA YUDHA',	1,	1,	'2017-05-02',	'Admin',	NULL,	'',	1),
(514,	8,	'1A3B',	'YONIF 900/RAIDER',	1,	1,	'2017-05-02',	'Admin',	NULL,	'',	1),
(515,	8,	'1A4B',	'YONIF 743/PRADNYA SAMAPTA Y',	1,	1,	'2017-05-02',	'Admin',	NULL,	'',	1),
(516,	8,	'1A5B',	'YONIF 746/NYB',	1,	1,	'2017-05-02',	'Admin',	NULL,	'',	1),
(517,	8,	'1B0D',	'KIKAVSER',	1,	1,	'2017-05-02',	'Admin',	NULL,	'',	1),
(518,	8,	'1E0B',	'YONZIPUR 18',	1,	1,	'2017-05-02',	'Admin',	NULL,	'',	1),
(519,	8,	'2Z1A',	'KOREM-161/WIRA SAKTI',	1,	1,	'2017-05-02',	'Admin',	NULL,	'',	1),
(520,	8,	'2Z1B',	'DIM 1601/SUMBA TIMUR REM-161',	1,	1,	'2017-05-02',	'Admin',	NULL,	'',	1),
(521,	8,	'2Z1C',	'DIM 1602/ENDE REM-161',	1,	1,	'2017-05-02',	'Admin',	NULL,	'',	1),
(522,	8,	'2Z1D',	'DIM 1603/SIKKA REM-161',	1,	1,	'2017-05-02',	'Admin',	NULL,	'',	1),
(523,	8,	'2Z1E',	'DIM 1604/KUPANG REM-161',	1,	1,	'2017-05-02',	'Admin',	NULL,	'',	1),
(524,	8,	'2Z1F',	'DIM 1605/BELU REM-161',	1,	1,	'2017-05-02',	'Admin',	NULL,	'',	1),
(525,	8,	'2Z1G',	'DIM 1624/FLORES TIMUR REM-161',	1,	1,	'2017-05-02',	'Admin',	NULL,	'',	1),
(526,	8,	'2Z1H',	'DIM 1625/NGADA REM-161',	1,	1,	'2017-05-02',	'Admin',	NULL,	'',	1),
(527,	8,	'2Z1J',	'DIM 1612/MANGGARAI REM-161',	1,	1,	'2017-05-02',	'Admin',	NULL,	'',	1),
(528,	8,	'2Z1K',	'DIM 1613/SUMBA BARAT REM-161',	1,	1,	'2017-05-02',	'Admin',	NULL,	'',	1),
(529,	8,	'2Z1L',	'DIM 1618/TIMOR TIMUR UTARA REM-161',	1,	1,	'2017-05-02',	'Admin',	NULL,	'',	1),
(530,	8,	'2Z1M',	'DIM 1621/TIMOR TIMUR SELATAN REM-161',	1,	1,	'2017-05-02',	'Admin',	NULL,	'',	1),
(531,	8,	'2Z1N',	'DIM 1622/ALOR REM-161',	1,	1,	'2017-05-02',	'Admin',	NULL,	'',	1),
(532,	8,	'2Z2A',	'KOREM-162/WIRA BHAKTI',	1,	1,	'2017-05-02',	'Admin',	NULL,	'',	1),
(533,	8,	'2Z2B',	'DIM 1606/LOMBOK BARAT REM-162',	1,	1,	'2017-05-02',	'Admin',	NULL,	'',	1),
(534,	8,	'2Z2C',	'DIM 1607/SUMBAWA REM-162',	1,	1,	'2017-05-02',	'Admin',	NULL,	'',	1),
(535,	8,	'2Z2D',	'DIM 1608/BIMA REM-162',	1,	1,	'2017-05-02',	'Admin',	NULL,	'',	1),
(536,	8,	'2Z2E',	'DIM 1614/DOMPU REM-162',	1,	1,	'2017-05-02',	'Admin',	NULL,	'',	1),
(537,	8,	'2Z2F',	'DIM 1615/LOMBOK TIMUR REM-162',	1,	1,	'2017-05-02',	'Admin',	NULL,	'',	1),
(538,	8,	'2Z2G',	'DIM 1620/LOMBOK TENGAH REM-162',	1,	1,	'2017-05-02',	'Admin',	NULL,	'',	1),
(539,	8,	'2Z3A',	'KOREM-163/WIRA SATYA',	1,	1,	'2017-05-02',	'Admin',	NULL,	'',	1),
(540,	8,	'2Z3B',	'DIM 1609/BULELENG REM-163',	1,	1,	'2017-05-02',	'Admin',	NULL,	'',	1),
(541,	8,	'2Z3C',	'DIM 1610/KLUNGKUNG REM-163',	1,	1,	'2017-05-02',	'Admin',	NULL,	'',	1),
(542,	8,	'2Z3D',	'DIM 1611/BADUNG REM-163',	1,	1,	'2017-05-02',	'Admin',	NULL,	'',	1),
(543,	8,	'2Z3E',	'DIM 1616/GIANYAR REM-163',	1,	1,	'2017-05-02',	'Admin',	NULL,	'',	1),
(544,	8,	'2Z3F',	'DIM 1617/JEMBRANA REM-163',	1,	1,	'2017-05-02',	'Admin',	NULL,	'',	1),
(545,	8,	'2Z3G',	'DIM 1619/TABANAN REM-163',	1,	1,	'2017-05-02',	'Admin',	NULL,	'',	1),
(546,	8,	'2Z3H',	'DIM 1623/KARANG ASEM REM-163',	1,	1,	'2017-05-02',	'Admin',	NULL,	'',	1),
(547,	8,	'2Z3J',	'DIM 1626/BANGLI REM-163',	1,	1,	'2017-05-02',	'Admin',	NULL,	'',	1),
(548,	6,	'2Z1O',	'DIM 0913/PPU REM-091',	1,	1,	'2017-05-02',	'Admin',	NULL,	'',	1),
(549,	8,	'2Z4A',	'PEKAS GABRAH 93',	1,	1,	'2017-05-02',	'Admin',	NULL,	'',	1),
(550,	8,	'3U0B',	'DENINTELDAM-IX/UDY',	1,	1,	'2017-05-02',	'Admin',	NULL,	'',	1),
(551,	8,	'4A0B',	'RINDAM-IX/UDY',	1,	1,	'2017-05-02',	'Admin',	NULL,	'',	1),
(552,	8,	'4A0C',	'SECATA-A RINDAM-IX/UDY',	1,	1,	'2017-05-02',	'Admin',	NULL,	'',	1),
(553,	8,	'4E0B',	'ZIDAM-IX/UDY',	1,	1,	'2017-05-02',	'Admin',	NULL,	'',	1),
(554,	8,	'4F0B',	'POMDAM-IX/UDY',	1,	1,	'2017-05-02',	'Admin',	NULL,	'',	1),
(555,	8,	'4G0B',	'BEKANGDAM-IX/UDY',	1,	1,	'2017-05-02',	'Admin',	NULL,	'',	1),
(556,	8,	'4H0B',	'KUMDAM-IX/UDY',	1,	1,	'2017-05-02',	'Admin',	NULL,	'',	1),
(557,	8,	'4K0B',	'KESDAM-IX/UDY',	1,	1,	'2017-05-02',	'Admin',	NULL,	'',	1),
(558,	8,	'4L0B',	'PENDAM-IX/UDY',	1,	1,	'2017-05-02',	'Admin',	NULL,	'',	1),
(559,	15,	'1F5B',	'DENPOM DIVIF-2',	1,	1,	'2017-05-02',	'Admin',	NULL,	'',	1),
(560,	8,	'4M0B',	'PALDAM-IX/UDY',	1,	1,	'2017-05-02',	'Admin',	NULL,	'',	1),
(561,	8,	'4N0B',	'HUBDAM-IX/UDY',	1,	1,	'2017-05-02',	'Admin',	NULL,	'',	1),
(562,	8,	'4P0B',	'AJENDAM-IX/UDY',	1,	1,	'2017-05-02',	'Admin',	NULL,	'',	1),
(563,	8,	'4P0D',	'BABINMINVETCADDAM-IX/UDY',	1,	1,	'2017-05-02',	'Admin',	NULL,	'',	1),
(564,	8,	'4Q0B',	'KUDAM-IX/UDY',	1,	1,	'2017-05-02',	'Admin',	NULL,	'',	1),
(565,	8,	'4R0B',	'TOPDAM-IX/UDY',	1,	1,	'2017-05-02',	'Admin',	NULL,	'',	1),
(566,	8,	'4S0B',	'BINTALDAM-IX/UDY',	1,	1,	'2017-05-02',	'Admin',	NULL,	'',	1),
(567,	8,	'4T0B',	'INFOLAHTADAM-IX/UDY',	1,	1,	'2017-05-02',	'Admin',	NULL,	'',	1),
(568,	8,	'4U0B',	'SANDIDAM-IX/UDY',	1,	1,	'2017-05-02',	'Admin',	NULL,	'',	1),
(569,	8,	'4W0B',	'JASDAM-IX/UDY',	1,	1,	'2017-05-02',	'Admin',	NULL,	'',	1),
(570,	8,	'4Z0A',	'DENMADAM-IX/UDY',	1,	1,	'2017-05-02',	'Admin',	NULL,	'',	1),
(571,	8,	'4Z0B',	'ITDAM IX/UDY',	1,	1,	'2017-05-02',	'Admin',	NULL,	'',	1),
(572,	9,	'1A1B',	'YONIF 111/KARMA BHAKTI',	1,	1,	'2017-05-02',	'Admin',	NULL,	'',	1),
(573,	9,	'1A1C',	'YONIF 113/JAYA SAKTI',	1,	1,	'2017-05-02',	'Admin',	NULL,	'',	1),
(574,	9,	'1A1D',	'YONIF 114/SATRIA MUSARA',	1,	1,	'2017-05-02',	'Admin',	NULL,	'',	1),
(575,	9,	'1A2B',	'YONIF 112/RAIDER',	1,	1,	'2017-05-02',	'Admin',	NULL,	'',	1),
(576,	9,	'1A2C',	'YONIF 115/MACAN LAUSER',	1,	1,	'2017-05-02',	'Admin',	NULL,	'',	1),
(577,	9,	'1A2D',	'YONIF 116/GARDA SAMUDERA',	1,	1,	'2017-05-02',	'Admin',	NULL,	'',	1),
(578,	9,	'1B0B',	'YON KAV-11/SERBU',	1,	1,	'2017-05-02',	'Admin',	NULL,	'',	1),
(579,	9,	'1C0B',	'YON ARMED 17/105 TARIK',	1,	1,	'2017-05-02',	'Admin',	NULL,	'',	1),
(580,	9,	'1D0E',	'DENARHANUD-001',	1,	1,	'2017-05-02',	'Admin',	NULL,	'',	1),
(581,	9,	'1E0C',	'YON ZIPUR 16/DA',	1,	1,	'2017-05-02',	'Admin',	NULL,	'',	1),
(582,	9,	'2Z1A',	'KOREM-011/LILAWANGSA',	1,	1,	'2017-05-02',	'Admin',	NULL,	'',	1),
(583,	9,	'2Z1B',	'DIM 0102/PIDIE REM-011',	1,	1,	'2017-05-02',	'Admin',	NULL,	'',	1),
(584,	9,	'2Z1C',	'DIM 0103/AUT REM-011',	1,	1,	'2017-05-02',	'Admin',	NULL,	'',	1),
(585,	9,	'2Z1D',	'DIM 0104/ATIM REM-011',	1,	1,	'2017-05-02',	'Admin',	NULL,	'',	1),
(586,	9,	'2Z1E',	'DIM 0106/ATENG REM-011',	1,	1,	'2017-05-02',	'Admin',	NULL,	'',	1),
(587,	9,	'2Z1F',	'DIM 0108/AGARA REM-011',	1,	1,	'2017-05-02',	'Admin',	NULL,	'',	1),
(588,	9,	'2Z1G',	'DIM 0111/BIREUEN REM-011',	1,	1,	'2017-05-02',	'Admin',	NULL,	'',	1),
(589,	9,	'2Z1H',	'DIM 0113/GALUS REM-011',	1,	1,	'2017-05-02',	'Admin',	NULL,	'',	1),
(590,	9,	'2Z2A',	'KOREM-012/TEUKU UMAR',	1,	1,	'2017-05-02',	'Admin',	NULL,	'',	1),
(591,	9,	'2Z2B',	'DIM 0101/BS DAM IM',	1,	1,	'2017-05-02',	'Admin',	NULL,	'',	1),
(592,	9,	'2Z2C',	'DIM 0105/ABAR REM-012',	1,	1,	'2017-05-02',	'Admin',	NULL,	'',	1),
(593,	9,	'2Z2D',	'DIM 0107/ASEL REM-012',	1,	1,	'2017-05-02',	'Admin',	NULL,	'',	1),
(594,	9,	'2Z2E',	'DIM 0109/ACEH SINGKIL REM-012',	1,	1,	'2017-05-02',	'Admin',	NULL,	'',	1),
(595,	9,	'2Z2F',	'DIM 0110/ABDYA REM-012',	1,	1,	'2017-05-02',	'Admin',	NULL,	'',	1),
(596,	9,	'2Z2G',	'DIM 0112/SABANG REM-012',	1,	1,	'2017-05-02',	'Admin',	NULL,	'',	1),
(597,	9,	'2Z2H',	'DIM 0114/AJAYA REM-012',	1,	1,	'2017-05-02',	'Admin',	NULL,	'',	1),
(598,	9,	'2Z2J',	'DIM 0115/SIMEULUE REM-012',	1,	1,	'2017-05-02',	'Admin',	NULL,	'',	1),
(599,	9,	'2Z2L',	'DIM 0116/NAGAN RAYA REM-012',	1,	1,	'2017-05-02',	'Admin',	NULL,	'',	1),
(600,	9,	'3U0B',	'DENINTELDAM ISKANDAR MUDA',	1,	1,	'2017-05-02',	'Admin',	NULL,	'',	1),
(601,	9,	'4A0B',	'RINDAM ISKANDAR MUDA',	1,	1,	'2017-05-02',	'Admin',	NULL,	'',	1),
(602,	9,	'4A0C',	'SECATA RINDAM IM',	1,	1,	'2017-05-02',	'Admin',	NULL,	'',	1),
(603,	9,	'4E0B',	'ZIDAM ISKANDAR MUDA',	1,	1,	'2017-05-02',	'Admin',	NULL,	'',	1),
(604,	9,	'4F0B',	'POMDAM ISKANDAR MUDA',	1,	1,	'2017-05-02',	'Admin',	NULL,	'',	1),
(605,	9,	'4G0B',	'BEKANGDAM ISKANDAR MUDA',	1,	1,	'2017-05-02',	'Admin',	NULL,	'',	1),
(606,	9,	'4H0B',	'KUMDAM ISKANDAR MUDA',	1,	1,	'2017-05-02',	'Admin',	NULL,	'',	1),
(607,	9,	'4J0C',	'PUSKOPAD "B" ISKANDAR MUDA',	1,	1,	'2017-05-02',	'Admin',	NULL,	'',	1),
(608,	9,	'4K0B',	'KESDAM ISKANDAR MUDA',	1,	1,	'2017-05-02',	'Admin',	NULL,	'',	1),
(609,	9,	'4L0B',	'PENDAM ISKANDAR MUDA',	1,	1,	'2017-05-02',	'Admin',	NULL,	'',	1),
(610,	9,	'4M0B',	'PALDAM ISKANDAR MUDA',	1,	1,	'2017-05-02',	'Admin',	NULL,	'',	1),
(611,	9,	'4N0B',	'HUBDAM ISKANDAR MUDA',	1,	1,	'2017-05-02',	'Admin',	NULL,	'',	1),
(612,	9,	'4NOB',	'HUBYAH "A"',	1,	1,	'2017-05-02',	'Admin',	NULL,	'',	1),
(613,	9,	'4P0B',	'AJENDAM ISKANDAR MUDA',	1,	1,	'2017-05-02',	'Admin',	NULL,	'',	1),
(614,	9,	'4P0D',	'BABINMINVETCADDAM IM',	1,	1,	'2017-05-02',	'Admin',	NULL,	'',	1),
(615,	9,	'4Q0B',	'KUDAM ISKANDAR MUDA',	1,	1,	'2017-05-02',	'Admin',	NULL,	'',	1),
(616,	9,	'4Q0C',	'PEKAS GABRAH 96/IM',	1,	1,	'2017-05-02',	'Admin',	NULL,	'',	1),
(617,	9,	'4Q0D',	'PEKAS GABRAH 110 BANDA ACEH',	1,	1,	'2017-05-02',	'Admin',	NULL,	'',	1),
(618,	9,	'4R0B',	'TOPDAM ISKANDAR MUDA',	1,	1,	'2017-05-02',	'Admin',	NULL,	'',	1),
(619,	9,	'4S0B',	'BINTALDAM ISKANDAR MUDA',	1,	1,	'2017-05-02',	'Admin',	NULL,	'',	1),
(620,	9,	'4T0B',	'INFOLAHTADAM ISKANDAR MUDA',	1,	1,	'2017-05-02',	'Admin',	NULL,	'',	1),
(621,	9,	'4U0B',	'SANDIDAM ISKANDAR MUDA',	1,	1,	'2017-05-02',	'Admin',	NULL,	'',	1),
(622,	9,	'4W0B',	'JASDAM ISKANDAR MUDA',	1,	1,	'2017-05-02',	'Admin',	NULL,	'',	1),
(623,	9,	'4Z0A',	'DENMADAM ISKANDAR MUDA',	1,	1,	'2017-05-02',	'Admin',	NULL,	'',	1),
(624,	9,	'4Z0B',	'ITDAM ISKANDAR MUDA',	1,	1,	'2017-05-02',	'Admin',	NULL,	'',	1),
(625,	10,	'1A1A',	'BRIGIF 19/KHATULISTIWA',	1,	1,	'2017-05-02',	'Admin',	NULL,	'',	1),
(626,	10,	'1A1B',	'YONIF 641/RAIDER',	1,	1,	'2017-05-02',	'Admin',	NULL,	'',	1),
(627,	10,	'1A1C',	'YONIF 642/KAPUAS',	1,	1,	'2017-05-02',	'Admin',	NULL,	'',	1),
(628,	10,	'1A1D',	'YONIF 644/WS (DIPERKUAT)',	1,	1,	'2017-05-02',	'Admin',	NULL,	'',	1),
(629,	10,	'1A2B',	'YONIF 643/WANARA SAKTI',	1,	1,	'2017-05-02',	'Admin',	NULL,	'',	1),
(630,	10,	'1A2C',	'YONIF 631/ANTANG',	1,	1,	'2017-05-02',	'Admin',	NULL,	'',	1),
(631,	10,	'1B0C',	'DENKAV 2/BERUANG CAKTI',	1,	1,	'2017-05-02',	'Admin',	NULL,	'',	1),
(632,	10,	'1C0B',	'YON ARMED 16/KOMPOSIT DAM XII/TPR',	1,	1,	'2017-05-02',	'Admin',	NULL,	'',	1),
(633,	10,	'1E0B',	'YON ZIPUR-6',	1,	1,	'2017-05-02',	'Admin',	NULL,	'',	1),
(634,	10,	'1E0D',	'DEN ZIPUR-6',	1,	1,	'2017-05-02',	'Admin',	NULL,	'',	1),
(635,	10,	'2Z1A',	'KOREM-102/PANJU PANJUNG',	1,	1,	'2017-05-02',	'Admin',	NULL,	'',	1),
(636,	10,	'2Z1B',	'DIM 1011/KUALA KAPUAS REM-102',	1,	1,	'2017-05-02',	'Admin',	NULL,	'',	1),
(637,	10,	'2Z1C',	'DIM 1012/BUNTOK REM-102',	1,	1,	'2017-05-02',	'Admin',	NULL,	'',	1),
(638,	10,	'2Z1D',	'DIM 1013/MUARA TEWEH REM-102',	1,	1,	'2017-05-02',	'Admin',	NULL,	'',	1),
(639,	10,	'2Z1E',	'DIM 1014/PANGKALAN BUN REM-102',	1,	1,	'2017-05-02',	'Admin',	NULL,	'',	1),
(640,	10,	'2Z1F',	'DIM 1015/SAMPIT REM-102',	1,	1,	'2017-05-02',	'Admin',	NULL,	'',	1),
(641,	10,	'2Z1G',	'DIM 1016/PALANGKA RAYA REM-102',	1,	1,	'2017-05-02',	'Admin',	NULL,	'',	1),
(642,	10,	'2Z2A',	'KOREM-121/ALABHANA WANAWAI',	1,	1,	'2017-05-02',	'Admin',	NULL,	'',	1),
(643,	10,	'2Z2B',	'DIM 1201/MEMPAWAH REM-121',	1,	1,	'2017-05-02',	'Admin',	NULL,	'',	1),
(644,	10,	'2Z2C',	'DIM 1202/SINGKAWANG REM-121',	1,	1,	'2017-05-02',	'Admin',	NULL,	'',	1),
(645,	10,	'2Z2D',	'DIM 1203/KETAPANG REM-121',	1,	1,	'2017-05-02',	'Admin',	NULL,	'',	1),
(646,	10,	'2Z2E',	'DIM 1204/SANGGAU REM-121',	1,	1,	'2017-05-02',	'Admin',	NULL,	'',	1),
(647,	10,	'2Z2F',	'DIM 1205/SINTANG REM-121',	1,	1,	'2017-05-02',	'Admin',	NULL,	'',	1),
(648,	10,	'2Z2G',	'DIM 1206/PUTUSSIBAU REM-121',	1,	1,	'2017-05-02',	'Admin',	NULL,	'',	1),
(649,	10,	'2Z2H',	'DIM 1207/BS',	1,	1,	'2017-05-02',	'Admin',	NULL,	'',	1),
(650,	10,	'3U0B',	'DENINTELDAM-XII/TPR',	1,	1,	'2017-05-02',	'Admin',	NULL,	'',	1),
(651,	10,	'4A0B',	'RINDAM-XII/TPR',	1,	1,	'2017-05-02',	'Admin',	NULL,	'',	1),
(652,	10,	'4E0B',	'ZIDAM-XII/TPR',	1,	1,	'2017-05-02',	'Admin',	NULL,	'',	1),
(653,	10,	'4F0B',	'POMDAM-XII/TPR',	1,	1,	'2017-05-02',	'Admin',	NULL,	'',	1),
(654,	10,	'4G0B',	'BEKANGDAM-XII/TPR',	1,	1,	'2017-05-02',	'Admin',	NULL,	'',	1),
(655,	10,	'4H0B',	'KUMDAM-XII/TPR',	1,	1,	'2017-05-02',	'Admin',	NULL,	'',	1),
(656,	10,	'4K0B',	'KESDAM-XII/TPR',	1,	1,	'2017-05-02',	'Admin',	NULL,	'',	1),
(657,	10,	'4L0B',	'PENDAM-XII/TPR',	1,	1,	'2017-05-02',	'Admin',	NULL,	'',	1),
(658,	10,	'4M0B',	'PALDAM XII/TPR',	1,	1,	'2017-05-02',	'Admin',	NULL,	'',	1),
(659,	10,	'4N0B',	'HUBDAM-XII/TPR',	1,	1,	'2017-05-02',	'Admin',	NULL,	'',	1),
(660,	10,	'4P0B',	'AJENDAM-XII/TPR',	1,	1,	'2017-05-02',	'Admin',	NULL,	'',	1),
(661,	10,	'4P0D',	'BABINMINVETCADDAM-XII/TPR',	1,	1,	'2017-05-02',	'Admin',	NULL,	'',	1),
(662,	10,	'4Q0B',	'KUDAM-XII/TPR',	1,	1,	'2017-05-02',	'Admin',	NULL,	'',	1),
(663,	10,	'4R0B',	'TOPDAM XII/TPR',	1,	1,	'2017-05-02',	'Admin',	NULL,	'',	1),
(664,	10,	'4S0B',	'BINTALDAM-XII/TPR',	1,	1,	'2017-05-02',	'Admin',	NULL,	'',	1),
(665,	10,	'4T0B',	'INFOLAHTADAM-XII/TPR',	1,	1,	'2017-05-02',	'Admin',	NULL,	'',	1),
(666,	10,	'4U0B',	'SANDIDAM-XII/TPR',	1,	1,	'2017-05-02',	'Admin',	NULL,	'',	1),
(667,	10,	'4W0B',	'JASDAM-XII/TPR',	1,	1,	'2017-05-02',	'Admin',	NULL,	'',	1),
(668,	10,	'4Z0A',	'DENMADAM-XII/TPR',	1,	1,	'2017-05-02',	'Admin',	NULL,	'',	1),
(669,	10,	'4Z0B',	'ITDAM-XII/TPR',	1,	1,	'2017-05-02',	'Admin',	NULL,	'',	1),
(670,	11,	'1A1A',	'BRIGIF 1/JAYA SAKTI',	1,	1,	'2017-05-02',	'Admin',	NULL,	'',	1),
(671,	11,	'1A1B',	'YONIF 203/ARYA KEMUNING',	1,	1,	'2017-05-02',	'Admin',	NULL,	'',	1),
(672,	11,	'1A1C',	'YONIF MEKANIS 202/TAJI MALELA',	1,	1,	'2017-05-02',	'Admin',	NULL,	'',	1),
(673,	11,	'1A1D',	'YONIF 201/JAYA YUDHA',	1,	1,	'2017-05-02',	'Admin',	NULL,	'',	1),
(674,	11,	'1B0B',	'YON KAV-7/PANSER KHUSUS',	1,	1,	'2017-05-02',	'Admin',	NULL,	'',	1),
(675,	11,	'1B0C',	'YON KAV-9/SERBU',	1,	1,	'2017-05-02',	'Admin',	NULL,	'',	1),
(676,	8,	'1A6B',	'YONIF MEKANIS 741/SBW',	1,	1,	'2017-05-02',	'Admin',	NULL,	'',	1),
(677,	11,	'1B0D',	'DRON KAVSER 1/PWPRES',	1,	1,	'2017-05-02',	'Admin',	NULL,	'',	1),
(678,	11,	'1C0B',	'YON ARMED-7/105 GS',	1,	1,	'2017-05-02',	'Admin',	NULL,	'',	1),
(679,	11,	'1D1A',	'MEN ARHANUD-1',	1,	1,	'2017-05-02',	'Admin',	NULL,	'',	1),
(680,	11,	'1D1B',	'YON ARHANUDSE-6/1',	1,	1,	'2017-05-02',	'Admin',	NULL,	'',	1),
(681,	11,	'1D1C',	'YON ARHANUDSE-10/1',	1,	1,	'2017-05-02',	'Admin',	NULL,	'',	1),
(682,	11,	'1D1D',	'DEN ARHANUD RUDAL 003',	1,	1,	'2017-05-02',	'Admin',	NULL,	'',	1),
(683,	11,	'1E0B',	'DEN ZIPUR-3',	1,	1,	'2017-05-02',	'Admin',	NULL,	'',	1),
(684,	11,	'2Z0B',	'DIM-0501',	1,	1,	'2017-05-02',	'Admin',	NULL,	'',	1),
(685,	11,	'2Z1A',	'KOREM 051/WIJAYAKARTA',	1,	1,	'2017-05-02',	'Admin',	NULL,	'',	1),
(686,	11,	'2Z1B',	'DIM 0504/JAKARTA SELATAN REM-051',	1,	1,	'2017-05-02',	'Admin',	NULL,	'',	1),
(687,	11,	'2Z1C',	'DIM 0505/JAKARTA TIMUR REM-051',	1,	1,	'2017-05-02',	'Admin',	NULL,	'',	1),
(688,	11,	'2Z1D',	'DIM 0507/BEKASI KOTA REM-051',	1,	1,	'2017-05-02',	'Admin',	NULL,	'',	1),
(689,	11,	'2Z1E',	'DIM 0508/DEPOK REM-051',	1,	1,	'2017-05-02',	'Admin',	NULL,	'',	1),
(690,	11,	'2Z1F',	'DIM 0509/KAB BEKASI REM-051',	1,	1,	'2017-05-02',	'Admin',	NULL,	'',	1),
(691,	11,	'2Z2A',	'KOREM 052/WIJAYAKRAMA',	1,	1,	'2017-05-02',	'Admin',	NULL,	'',	1),
(692,	11,	'2Z2B',	'DIM 0502/JAKARTA UTARA REM-052',	1,	1,	'2017-05-02',	'Admin',	NULL,	'',	1),
(693,	11,	'2Z2C',	'DIM 0503/JAKARTA BARAT REM-052',	1,	1,	'2017-05-02',	'Admin',	NULL,	'',	1),
(694,	11,	'2Z2D',	'DIM 0506/TANGERANG REM-052',	1,	1,	'2017-05-02',	'Admin',	NULL,	'',	1),
(695,	11,	'3U0B',	'DENINTELDAM JAYA',	1,	1,	'2017-05-02',	'Admin',	NULL,	'',	1),
(696,	11,	'4A0B',	'RINDAM JAYA',	1,	1,	'2017-05-02',	'Admin',	NULL,	'',	1),
(697,	11,	'4E0B',	'ZIDAM JAYA',	1,	1,	'2017-05-02',	'Admin',	NULL,	'',	1),
(698,	11,	'4F0B',	'POMDAM JAYA',	1,	1,	'2017-05-02',	'Admin',	NULL,	'',	1),
(699,	11,	'4G0B',	'BEKANGDAM JAYA',	1,	1,	'2017-05-02',	'Admin',	NULL,	'',	1),
(700,	11,	'4G0D',	'TEPBEK TYPE"A" DAM JAYA',	1,	1,	'2017-05-02',	'Admin',	NULL,	'',	1),
(701,	11,	'4H0B',	'KUMDAM JAYA',	1,	1,	'2017-05-02',	'Admin',	NULL,	'',	1),
(702,	11,	'4J0B',	'PUSKOPAD "A" DAM JAYA',	1,	1,	'2017-05-02',	'Admin',	NULL,	'',	1),
(703,	11,	'4K0B',	'KESDAM JAYA',	1,	1,	'2017-05-02',	'Admin',	NULL,	'',	1),
(704,	11,	'4L0B',	'PENDAM JAYA',	1,	1,	'2017-05-02',	'Admin',	NULL,	'',	1),
(705,	11,	'4M0B',	'PALDAM JAYA',	1,	1,	'2017-05-02',	'Admin',	NULL,	'',	1),
(706,	11,	'4N0B',	'HUBDAM JAYA',	1,	1,	'2017-05-02',	'Admin',	NULL,	'',	1),
(707,	11,	'4P0B',	'AJENDAM JAYA',	1,	1,	'2017-05-02',	'Admin',	NULL,	'',	1),
(708,	11,	'4P0D',	'BABINMINVETCADDAM JAYA',	1,	1,	'2017-05-02',	'Admin',	NULL,	'',	1),
(709,	11,	'4Q0B',	'KUDAM JAYA',	1,	1,	'2017-05-02',	'Admin',	NULL,	'',	1),
(710,	11,	'4R0B',	'TOPDAM JAYA',	1,	1,	'2017-05-02',	'Admin',	NULL,	'',	1),
(711,	11,	'4S0B',	'BINTALDAM JAYA',	1,	1,	'2017-05-02',	'Admin',	NULL,	'',	1),
(712,	11,	'4T0B',	'INFOLAHTADAM JAYA',	1,	1,	'2017-05-02',	'Admin',	NULL,	'',	1),
(713,	11,	'4U0B',	'SANDIDAM JAYA',	1,	1,	'2017-05-02',	'Admin',	NULL,	'',	1),
(714,	11,	'4W0B',	'JASDAM JAYA',	1,	1,	'2017-05-02',	'Admin',	NULL,	'',	1),
(715,	11,	'4Z0A',	'DENMADAM JAYA',	1,	1,	'2017-05-02',	'Admin',	NULL,	'',	1),
(716,	11,	'4Z0B',	'ITDAM JAYA',	1,	1,	'2017-05-02',	'Admin',	NULL,	'',	1),
(717,	12,	'1A0B',	'YONIF 733 /RAIDER',	1,	1,	'2017-05-02',	'Admin',	NULL,	'',	1),
(718,	12,	'1A1B',	'YONIF 731/KABARESI',	1,	1,	'2017-05-02',	'Admin',	NULL,	'',	1),
(719,	12,	'1A1C',	'YONIF 732/BANAU',	1,	1,	'2017-05-02',	'Admin',	NULL,	'',	1),
(720,	12,	'1A1D',	'YONIF 734/SATRIA NUSA SAMUDRA',	1,	1,	'2017-05-02',	'Admin',	NULL,	'',	1),
(721,	12,	'1A4B',	'YONIF 221/MOTULIATO',	1,	1,	'2017-05-02',	'Admin',	NULL,	'',	1),
(722,	12,	'1A4C',	'YONIF 222 MOOTHANGI',	1,	1,	'2017-05-02',	'Admin',	NULL,	'',	1),
(723,	12,	'1A4D',	'YONIF 223/MOEA',	1,	1,	'2017-05-02',	'Admin',	NULL,	'',	1),
(724,	12,	'1B0B',	'DEN KAV-5/BIRGUS LATRO CAKTI',	1,	1,	'2017-05-02',	'Admin',	NULL,	'',	1),
(725,	12,	'1E0D',	'DEN ZIPUR-5',	1,	1,	'2017-05-02',	'Admin',	NULL,	'',	1),
(726,	12,	'2Z1A',	'KOREM 151/BINAIYA',	1,	1,	'2017-05-02',	'Admin',	NULL,	'',	1),
(727,	12,	'2Z1C',	'DIM 1502/MASOHI REM-151',	1,	1,	'2017-05-02',	'Admin',	NULL,	'',	1),
(728,	12,	'2Z1D',	'DIM 1503/MALUKU TENGGARA REM-151',	1,	1,	'2017-05-02',	'Admin',	NULL,	'',	1),
(729,	12,	'2Z1E',	'DIM 1504/PULAU AMBON REM-151',	1,	1,	'2017-05-02',	'Admin',	NULL,	'',	1),
(730,	12,	'2Z1F',	'DIM 1506/NAMLEA REM-151',	1,	1,	'2017-05-02',	'Admin',	NULL,	'',	1),
(731,	12,	'2Z1G',	'DIM 1507/SAUMLAKI REM-151',	1,	1,	'2017-05-02',	'Admin',	NULL,	'',	1),
(732,	12,	'2Z2A',	'KOREM 152/BABULLAH',	1,	1,	'2017-05-02',	'Admin',	NULL,	'',	1),
(733,	12,	'2Z2B',	'DIM 1501/TERNATE REM-152',	1,	1,	'2017-05-02',	'Admin',	NULL,	'',	1),
(734,	12,	'2Z2C',	'DIM 1505/TIDORE REM-152',	1,	1,	'2017-05-02',	'Admin',	NULL,	'',	1),
(735,	12,	'2Z2D',	'DIM 1508/TOBELO REM-152',	1,	1,	'2017-05-02',	'Admin',	NULL,	'',	1),
(736,	12,	'2Z2E',	'DIM 1509/LABUHA REM-152',	1,	1,	'2017-05-02',	'Admin',	NULL,	'',	1),
(737,	12,	'3U0B',	'DENINTELDAM-XVI/PATTIMURA',	1,	1,	'2017-05-02',	'Admin',	NULL,	'',	1),
(738,	12,	'4A0B',	'RINDAM-XVI/PATTIMURA',	1,	1,	'2017-05-02',	'Admin',	NULL,	'',	1),
(739,	12,	'4E0B',	'ZIDAM-XVI/PATTIMURA',	1,	1,	'2017-05-02',	'Admin',	NULL,	'',	1),
(740,	12,	'4F0B',	'POMDAM-XVI/PATTIMURA',	1,	1,	'2017-05-02',	'Admin',	NULL,	'',	1),
(741,	12,	'4F0C',	'DENPOM XVI/1 TERNATE',	1,	1,	'2017-05-02',	'Admin',	NULL,	'',	1),
(742,	12,	'4F0D',	'DENPOM XVI/2 MASOHI',	1,	1,	'2017-05-02',	'Admin',	NULL,	'',	1),
(743,	12,	'4G0B',	'BEKANGDAM-XVI/PATTIMURA',	1,	1,	'2017-05-02',	'Admin',	NULL,	'',	1),
(744,	12,	'4G0C',	'DENBEKANG XVI-44-02 TERNATE',	1,	1,	'2017-05-02',	'Admin',	NULL,	'',	1),
(745,	12,	'4H0B',	'KUMDAM-XVI/PATTIMURA',	1,	1,	'2017-05-02',	'Admin',	NULL,	'',	1),
(746,	12,	'4J0B',	'PUSKOPAD"B" DAM XVI/PATTIM',	1,	1,	'2017-05-02',	'Admin',	NULL,	'',	1),
(747,	12,	'4K0B',	'KESDAM-XVI/PATTIMURA',	1,	1,	'2017-05-02',	'Admin',	NULL,	'',	1),
(748,	12,	'4K0C',	'DENKESYAH 16.04 .01 TERNATE',	1,	1,	'2017-05-02',	'Admin',	NULL,	'',	1),
(749,	12,	'4L0B',	'PENDAM-XVI/PATTIMURA',	1,	1,	'2017-05-02',	'Admin',	NULL,	'',	1),
(750,	12,	'4M0B',	'PALDAM-XVI/PATTIMURA',	1,	1,	'2017-05-02',	'Admin',	NULL,	'',	1),
(751,	12,	'4N0B',	'HUBDAM-XVI/PATTIMURA',	1,	1,	'2017-05-02',	'Admin',	NULL,	'',	1),
(752,	12,	'4P0B',	'AJENDAM-XVI/PATTIMURA',	1,	1,	'2017-05-02',	'Admin',	NULL,	'',	1),
(753,	12,	'4P0D',	'BABIMINVETCADDAM-XVI/PTM',	1,	1,	'2017-05-02',	'Admin',	NULL,	'',	1),
(754,	12,	'4Q0B',	'KUDAM-XVI/PATTIMURA',	1,	1,	'2017-05-02',	'Admin',	NULL,	'',	1),
(755,	12,	'4R0B',	'TOPDAM-XVI/PATTIMURA',	1,	1,	'2017-05-02',	'Admin',	NULL,	'',	1),
(756,	12,	'4S0B',	'BINTALDAM-XVI/PATTIMURA',	1,	1,	'2017-05-02',	'Admin',	NULL,	'',	1),
(757,	12,	'4T0B',	'INFOLAHTADAM-XVI/PATTIMURA',	1,	1,	'2017-05-02',	'Admin',	NULL,	'',	1),
(758,	12,	'4U0B',	'SANDIDAM-XVI/PATTIMURA',	1,	1,	'2017-05-02',	'Admin',	NULL,	'',	1),
(759,	12,	'4W0B',	'JASDAM-XVI/PATTIMURA',	1,	1,	'2017-05-02',	'Admin',	NULL,	'',	1),
(760,	12,	'4Z0A',	'DENMADAM-XVI/PATTIMURA',	1,	1,	'2017-05-02',	'Admin',	NULL,	'',	1),
(761,	12,	'4Z0B',	'ITDAM-XVI/PATTIMURA',	1,	1,	'2017-05-02',	'Admin',	NULL,	'',	1),
(762,	13,	'1A1A',	'BRIGIF-20/IMA JAYA KERAMO',	1,	1,	'2017-05-02',	'Admin',	NULL,	'',	1),
(763,	13,	'1A1C',	'YONIF 754/EMENEME KANGASI',	1,	1,	'2017-05-02',	'Admin',	NULL,	'',	1),
(764,	13,	'1A1D',	'YONIF 756/WIMANE SILI',	1,	1,	'2017-05-02',	'Admin',	NULL,	'',	1),
(765,	13,	'1A2B',	'YONIF 752/WIRA YUDHA SAKTI',	1,	1,	'2017-05-02',	'Admin',	NULL,	'',	1),
(766,	13,	'1A2C',	'YONIF 751/RAIDER',	1,	1,	'2017-05-02',	'Admin',	NULL,	'',	1),
(767,	13,	'1A3B',	'YONIF 753/ARGA WIRA TAMA',	1,	1,	'2017-05-02',	'Admin',	NULL,	'',	1),
(768,	13,	'1A4B',	'YONIF 755/YALET',	1,	1,	'2017-05-02',	'Admin',	NULL,	'',	1),
(769,	13,	'1B0B',	'DEN KAV-3',	1,	1,	'2017-05-02',	'Admin',	NULL,	'',	1),
(770,	13,	'1E0C',	'DENZIPUR 10 DAM-XVII/CEN',	1,	1,	'2017-05-02',	'Admin',	NULL,	'',	1),
(771,	13,	'1E0D',	'DEN ZIPUR 11',	1,	1,	'2017-05-02',	'Admin',	NULL,	'',	1),
(772,	13,	'1E0E',	'DENZIPUR 12',	1,	1,	'2017-05-02',	'Admin',	NULL,	'',	1),
(773,	13,	'1E0F',	'DENZIPUR 13',	1,	1,	'2017-05-02',	'Admin',	NULL,	'',	1),
(774,	13,	'2Z1A',	'KOREM-171/PVT',	1,	1,	'2017-05-02',	'Admin',	NULL,	'',	1),
(775,	13,	'2Z1B',	'DIM 1703/MANOKWARI REM-171',	1,	1,	'2017-05-02',	'Admin',	NULL,	'',	1),
(776,	13,	'2Z1C',	'DIM 1704/SORONG REM-171',	1,	1,	'2017-05-02',	'Admin',	NULL,	'',	1),
(777,	13,	'2Z1D',	'DIM 1706/FAK-FAK REM-171',	1,	1,	'2017-05-02',	'Admin',	NULL,	'',	1),
(778,	13,	'2Z1E',	'DIM 1710/MIMIKA REM-174',	1,	1,	'2017-05-02',	'Admin',	NULL,	'',	1),
(779,	13,	'2Z1F',	'DIM 1713/KAIMANA REM-171',	1,	1,	'2017-05-02',	'Admin',	NULL,	'',	1),
(780,	13,	'2Z2A',	'KOREM-172/PRAJA WIRA YAKTI',	1,	1,	'2017-05-02',	'Admin',	NULL,	'',	1),
(781,	13,	'2Z2B',	'DIM 1701/JAYAPURA REM-172',	1,	1,	'2017-05-02',	'Admin',	NULL,	'',	1),
(782,	13,	'2Z2C',	'DIM 1702/JAYAWIJAYA REM-172',	1,	1,	'2017-05-02',	'Admin',	NULL,	'',	1),
(783,	13,	'2Z2F',	'DIM 1712/SARMI REM-172',	1,	1,	'2017-05-02',	'Admin',	NULL,	'',	1),
(784,	13,	'2Z3A',	'KOREM-173/PRAJA WIRA BRAJA',	1,	1,	'2017-05-02',	'Admin',	NULL,	'',	1),
(785,	13,	'2Z3B',	'DIM 1705/PANIAI REM-173',	1,	1,	'2017-05-02',	'Admin',	NULL,	'',	1),
(786,	13,	'2Z3C',	'DIM 1708/BINUM REM-173',	1,	1,	'2017-05-02',	'Admin',	NULL,	'',	1),
(787,	13,	'2Z3D',	'DIM 1709/YAPEN WAROPEN REM-173',	1,	1,	'2017-05-02',	'Admin',	NULL,	'',	1),
(788,	13,	'2Z4A',	'KOREM-174/ANIM TI WANINGGAP',	1,	1,	'2017-05-02',	'Admin',	NULL,	'',	1),
(789,	13,	'2Z4B',	'DIM 1707/MERAUKE REM-174',	1,	1,	'2017-05-02',	'Admin',	NULL,	'',	1),
(790,	13,	'2Z4C',	'DIM 1711/BOUVEN DIGUL REM-174',	1,	1,	'2017-05-02',	'Admin',	NULL,	'',	1),
(791,	13,	'3U0B',	'DENINTELDAM-XVII/CEN',	1,	1,	'2017-05-02',	'Admin',	NULL,	'',	1),
(792,	13,	'4A0B',	'RINDAM-XVII/CEN',	1,	1,	'2017-05-02',	'Admin',	NULL,	'',	1),
(793,	13,	'4A0C',	'DODIKLATPURRINDAM-XVII/CEN',	1,	1,	'2017-05-02',	'Admin',	NULL,	'',	1),
(794,	13,	'4A0D',	'SECATA-A RINDAM-XVII/CEN',	1,	1,	'2017-05-02',	'Admin',	NULL,	'',	1),
(795,	13,	'4A0E',	'SECABA RINDAM-XVII/CEN',	1,	1,	'2017-05-02',	'Admin',	NULL,	'',	1),
(796,	13,	'4E0B',	'ZIDAM-XVII/CEN',	1,	1,	'2017-05-02',	'Admin',	NULL,	'',	1),
(797,	13,	'4F0B',	'POMDAM-XVII/CEN',	1,	1,	'2017-05-02',	'Admin',	NULL,	'',	1),
(798,	13,	'4G0B',	'BEKANGDAM-XVII/CEN',	1,	1,	'2017-05-02',	'Admin',	NULL,	'',	1),
(799,	13,	'4H0B',	'KUMDAM-XVII/CEN',	1,	1,	'2017-05-02',	'Admin',	NULL,	'',	1),
(800,	13,	'4J0B',	'PUSKOPAD "B" DAM XVII/CEN',	1,	1,	'2017-05-02',	'Admin',	NULL,	'',	1),
(801,	13,	'4K0B',	'KESDAM-XVII/CEN',	1,	1,	'2017-05-02',	'Admin',	NULL,	'',	1),
(802,	13,	'4L0B',	'PENDAM-XVII/CEN',	1,	1,	'2017-05-02',	'Admin',	NULL,	'',	1),
(803,	13,	'4M0B',	'PALDAM-XVII/CEN',	1,	1,	'2017-05-02',	'Admin',	NULL,	'',	1),
(804,	13,	'4N0B',	'HUBDAM-XVII/CEN',	1,	1,	'2017-05-02',	'Admin',	NULL,	'',	1),
(805,	13,	'4P0B',	'AJENDAM-XVII/CEN',	1,	1,	'2017-05-02',	'Admin',	NULL,	'',	1),
(806,	13,	'4P0D',	'BABINMINVETCADDAM-XVII/CEN',	1,	1,	'2017-05-02',	'Admin',	NULL,	'',	1),
(807,	13,	'4Q0B',	'KUDAM-XVII/CEN',	1,	1,	'2017-05-02',	'Admin',	NULL,	'',	1),
(808,	13,	'4R0B',	'TOPDAM-XVII/CEN',	1,	1,	'2017-05-02',	'Admin',	NULL,	'',	1),
(809,	13,	'4S0B',	'BINTALDAM-XVII/CEN',	1,	1,	'2017-05-02',	'Admin',	NULL,	'',	1),
(810,	13,	'4T0B',	'INFOLAHTADAM-XVII/CEN',	1,	1,	'2017-05-02',	'Admin',	NULL,	'',	1),
(811,	13,	'4U0B',	'SANDIDAM-XVII/CEN',	1,	1,	'2017-05-02',	'Admin',	NULL,	'',	1),
(812,	13,	'4W0B',	'JASDAM-XVII/CEN',	1,	1,	'2017-05-02',	'Admin',	NULL,	'',	1),
(813,	13,	'4Z0A',	'DENMADAM-XVII/CEN',	1,	1,	'2017-05-02',	'Admin',	NULL,	'',	1),
(814,	13,	'4Z0B',	'ITDAM-XVII/CEN',	1,	1,	'2017-05-02',	'Admin',	NULL,	'',	1),
(815,	14,	'1A1C',	'GRUP-1 KOPASSUS',	1,	1,	'2017-05-02',	'Admin',	NULL,	'',	1),
(816,	14,	'1A1D',	'GRUP-2 KOPASSUS',	1,	1,	'2017-05-02',	'Admin',	NULL,	'',	1),
(817,	14,	'1A1E',	'GRUP-3 KOPASSUS',	1,	1,	'2017-05-02',	'Admin',	NULL,	'',	1),
(818,	14,	'1A1F',	'SAT-81 KOPASSUS',	1,	1,	'2017-05-02',	'Admin',	NULL,	'',	1),
(819,	14,	'4Z0A',	'DENMA KOPASSUS',	1,	1,	'2017-05-02',	'Admin',	NULL,	'',	1),
(820,	14,	'4Z0B',	'PUSDIKLATPASSUS KOPASSUS',	1,	1,	'2017-05-02',	'Admin',	NULL,	'',	1),
(821,	15,	'1A0A',	'DIVIF I/PRAKASA VIRA GUPTI',	1,	1,	'2017-05-02',	'Admin',	NULL,	'',	1),
(822,	15,	'1A1A',	'BRIGIF LINUD-17/SBB',	1,	1,	'2017-05-02',	'Admin',	NULL,	'',	1),
(823,	15,	'1A1B',	'YONIF LINUD 305/TENGKORAK',	1,	1,	'2017-05-02',	'Admin',	NULL,	'',	1),
(824,	15,	'1A1C',	'YONIF LINUD 328/DIRGAHAYU',	1,	1,	'2017-05-02',	'Admin',	NULL,	'',	1),
(825,	15,	'4U0B',	'SANDI KOSTRAD',	1,	1,	'2017-05-02',	'Admin',	NULL,	'',	1),
(826,	15,	'1A1D',	'YONIF LINUD 330/TRI DHARMA',	1,	1,	'2017-05-02',	'Admin',	NULL,	'',	1),
(827,	15,	'1A2A',	'BRIGIF LINUD-3/BS TRIBUDI MS',	1,	1,	'2017-05-02',	'Admin',	NULL,	'',	1),
(828,	15,	'1A2B',	'YONIF LINUD 431/SASTRA S.P.',	1,	1,	'2017-05-02',	'Admin',	NULL,	'',	1),
(829,	15,	'1A2C',	'YONIF LINUD 432/WASPADA S.J.',	1,	1,	'2017-05-02',	'Admin',	NULL,	'',	1),
(830,	15,	'1A2D',	'YONIF LINUD 433/JALU SIRI',	1,	1,	'2017-05-02',	'Admin',	NULL,	'',	1),
(831,	15,	'1A3A',	'BRIGIF LINUD-13/GALUH',	1,	1,	'2017-05-02',	'Admin',	NULL,	'',	1),
(832,	15,	'1A3B',	'YONIF 303/SETIA SAMPAI MATI',	1,	1,	'2017-05-02',	'Admin',	NULL,	'',	1),
(833,	15,	'1A3C',	'YONIF 321/GALUH TARUNA',	1,	1,	'2017-05-02',	'Admin',	NULL,	'',	1),
(834,	15,	'1A3D',	'YONIF 323/RAIDER/13/1 KOSTRAD',	1,	1,	'2017-05-02',	'Admin',	NULL,	'',	1),
(835,	15,	'1A5A',	'MADIVIF 2/VIRA CAKTI YUDHA',	1,	1,	'2017-05-02',	'Admin',	NULL,	'',	1),
(836,	15,	'1A6A',	'BRIGIF LINUD-18/TRISULA',	1,	1,	'2017-05-02',	'Admin',	NULL,	'',	1),
(837,	15,	'1A6B',	'YONIF LINUD 501/BRAJA YUDHA',	1,	1,	'2017-05-02',	'Admin',	NULL,	'',	1),
(838,	15,	'1A6C',	'YONIF LINUD 502/UJWALA YUDHA',	1,	1,	'2017-05-02',	'Admin',	NULL,	'',	1),
(839,	15,	'1A6D',	'YONIF LINUD 503/MAYANGKARA',	1,	1,	'2017-05-02',	'Admin',	NULL,	'',	1),
(840,	15,	'1A8A',	'MABRIGIF 9/DARAKA YUDHA',	1,	1,	'2017-05-02',	'Admin',	NULL,	'',	1),
(841,	15,	'1A8B',	'YONIF 509/BALA WARA YUDHA',	1,	1,	'2017-05-02',	'Admin',	NULL,	'',	1),
(842,	15,	'1A8C',	'YONIF 514/RAIDER/9/2 KOSTRAD',	1,	1,	'2017-05-02',	'Admin',	NULL,	'',	1),
(843,	15,	'1A8D',	'YONIF 515/UGRA TAPA YUDHA',	1,	1,	'2017-05-02',	'Admin',	NULL,	'',	1),
(844,	15,	'1A9A',	'MABRIGIF 6/TRISAKTI BALAJAYA',	1,	1,	'2017-05-02',	'Admin',	NULL,	'',	1),
(845,	15,	'1A9B',	'YONIF 411/PANDAWA',	1,	1,	'2017-05-02',	'Admin',	NULL,	'',	1),
(846,	15,	'1A9C',	'YONIF 412/RAIDER/6/2 KOSTRAD',	1,	1,	'2017-05-02',	'Admin',	NULL,	'',	1),
(847,	15,	'1A9D',	'YONIF 413/BREMORO',	1,	1,	'2017-05-02',	'Admin',	NULL,	'',	1),
(848,	15,	'1A9E',	'YONIF 411/RAIDER/6/2 KOSTRAD',	1,	1,	'2017-05-02',	'Admin',	NULL,	'',	1),
(849,	15,	'1B0B',	'YON KAV-1/BADAK CETA SAKTI',	1,	1,	'2017-05-02',	'Admin',	NULL,	'',	1),
(850,	15,	'1B0C',	'KIKAV 8/KALA SETIA CAKTI',	1,	1,	'2017-05-02',	'Admin',	NULL,	'',	1),
(851,	15,	'1B0D',	'KIKAV 1/ELANG SETIA CAKTI',	1,	1,	'2017-05-02',	'Admin',	NULL,	'',	1),
(852,	15,	'1B5B',	'YON KAV-8/TANK NARA SINGA W.',	1,	1,	'2017-05-02',	'Admin',	NULL,	'',	1),
(853,	15,	'1C1A',	'MEN ARMED-2',	1,	1,	'2017-05-02',	'Admin',	NULL,	'',	1),
(854,	15,	'1C1B',	'YON ARMED-9/130/PASOPATI',	1,	1,	'2017-05-02',	'Admin',	NULL,	'',	1),
(855,	15,	'1C1C',	'YON ARMED-10/105 TARIK',	1,	1,	'2017-05-02',	'Admin',	NULL,	'',	1),
(856,	15,	'1C1D',	'YON ARMED-13/105 TARIK',	1,	1,	'2017-05-02',	'Admin',	NULL,	'',	1),
(857,	15,	'1C6A',	'MEN ARMED-1/PUTRA YUDHA',	1,	1,	'2017-05-02',	'Admin',	NULL,	'',	1),
(858,	5,	'1C6B',	'YON ARMED-8/76 TARIK',	1,	1,	'2017-05-02',	'Admin',	NULL,	'',	1),
(859,	15,	'1C6C',	'YON ARMED-11/76 TARIK',	1,	1,	'2017-05-02',	'Admin',	NULL,	'',	1),
(860,	15,	'1C6D',	'YON ARMED-12/105 TARIK',	1,	1,	'2017-05-02',	'Admin',	NULL,	'',	1),
(861,	15,	'1D0B',	'YON ARHANUDRI-1/KOMPOSIT',	1,	1,	'2017-05-02',	'Admin',	NULL,	'',	1),
(862,	15,	'1D5B',	'YON ARHANUDRI-2/KOMPOSIT',	1,	1,	'2017-05-02',	'Admin',	NULL,	'',	1),
(863,	15,	'1E0B',	'YON ZIPUR-9/LANGLANG BUANA',	1,	1,	'2017-05-02',	'Admin',	NULL,	'',	1),
(864,	15,	'1E5B',	'YON ZIPUR-10/AMPHIBI',	1,	1,	'2017-05-02',	'Admin',	NULL,	'',	1),
(865,	15,	'1G0B',	'YON BEKANG DIVIF-1/BHAKTI KJ',	1,	1,	'2017-05-02',	'Admin',	NULL,	'',	1),
(866,	15,	'1G5B',	'YON BEKANG DIVIF-2/MAWAT WJ.',	1,	1,	'2017-05-02',	'Admin',	NULL,	'',	1),
(867,	15,	'1K0B',	'YONKES DIVIF-2/YUDHA KRIDA',	1,	1,	'2017-05-02',	'Admin',	NULL,	'',	1),
(868,	15,	'1K5B',	'YONKES DIVIF-1/KOSTRAD',	1,	1,	'2017-05-02',	'Admin',	NULL,	'',	1),
(869,	15,	'1M0B',	'DENPAL DIVIF-1',	1,	1,	'2017-05-02',	'Admin',	NULL,	'',	1),
(870,	15,	'1M5B',	'DENPAL DIVIF-2',	1,	1,	'2017-05-02',	'Admin',	NULL,	'',	1),
(871,	15,	'1N0B',	'DENHUB DIVIF-1',	1,	1,	'2017-05-02',	'Admin',	NULL,	'',	1),
(872,	15,	'1N5B',	'DENHUB DIVIF-2',	1,	1,	'2017-05-02',	'Admin',	NULL,	'',	1),
(873,	15,	'1P0B',	'AJEN DIVIF-1',	1,	1,	'2017-05-02',	'Admin',	NULL,	'',	1),
(874,	15,	'1P5B',	'AJEN DIVIF-2',	1,	1,	'2017-05-02',	'Admin',	NULL,	'',	1),
(875,	15,	'3U0B',	'YONINTEL KOSTRAD',	1,	1,	'2017-05-02',	'Admin',	NULL,	'',	1),
(876,	15,	'4E0B',	'ZI KOSTRAD',	1,	1,	'2017-05-02',	'Admin',	NULL,	'',	1),
(877,	15,	'4F0B',	'POM KOSTRAD',	1,	1,	'2017-05-02',	'Admin',	NULL,	'',	1),
(878,	15,	'4G0B',	'BEKANG KOSTRAD',	1,	1,	'2017-05-02',	'Admin',	NULL,	'',	1),
(879,	15,	'4H0B',	'KUM KOSTRAD',	1,	1,	'2017-05-02',	'Admin',	NULL,	'',	1),
(880,	15,	'4K0B',	'KES KOSTRAD',	1,	1,	'2017-05-02',	'Admin',	NULL,	'',	1),
(881,	15,	'4L0B',	'PEN KOSTRAD',	1,	1,	'2017-05-02',	'Admin',	NULL,	'',	1),
(882,	15,	'4M0B',	'PAL KOSTRAD',	1,	1,	'2017-05-02',	'Admin',	NULL,	'',	1),
(883,	15,	'4N0B',	'HUB KOSTRAD',	1,	1,	'2017-05-02',	'Admin',	NULL,	'',	1),
(884,	15,	'4P0B',	'AJEN KOSTRAD',	1,	1,	'2017-05-02',	'Admin',	NULL,	'',	1),
(885,	15,	'4Q0B',	'KU KOSTRAD',	1,	1,	'2017-05-02',	'Admin',	NULL,	'',	1),
(886,	15,	'4S0B',	'BINTAL KOSTRAD',	1,	1,	'2017-05-02',	'Admin',	NULL,	'',	1),
(887,	15,	'4T0B',	'INFOLAHTA KOSTRAD',	1,	1,	'2017-05-02',	'Admin',	NULL,	'',	1),
(888,	15,	'4W0B',	'BINJAS KOSTRAD',	1,	1,	'2017-05-02',	'Admin',	NULL,	'',	1),
(889,	15,	'4Z0A',	'DENMA KOSTRAD',	1,	1,	'2017-05-02',	'Admin',	NULL,	'',	1),
(890,	15,	'AZ0B',	'DENHARRAHLAT KOSTRAD',	1,	1,	'2017-05-02',	'Admin',	NULL,	'',	1),
(891,	16,	'1Z0B',	'KODIKLAT TNI AD',	1,	1,	'2017-05-02',	'Admin',	NULL,	'',	1),
(892,	16,	'1Z0C',	'PUSDIK GUMILTIH',	1,	1,	'2017-05-02',	'Admin',	NULL,	'',	1),
(893,	16,	'1Z0D',	'PUSLATPUR',	1,	1,	'2017-05-02',	'Admin',	NULL,	'',	1),
(894,	16,	'1Z0E',	'PUSSIMPUR KODIKLAT TNI AD',	1,	1,	'2017-05-02',	'Admin',	NULL,	'',	1),
(895,	16,	'4A0X',	'PUSDIKIF',	1,	1,	'2017-05-02',	'Admin',	NULL,	'',	1),
(896,	16,	'4B0Y',	'PUSDIKKAV',	1,	1,	'2017-05-02',	'Admin',	NULL,	'',	1),
(897,	16,	'4C0F',	'LEMJIANTEK KODIKLAT TNI AD',	1,	1,	'2017-05-02',	'Admin',	NULL,	'',	1),
(898,	16,	'4C0V',	'PUSDIKARMED',	1,	1,	'2017-05-02',	'Admin',	NULL,	'',	1),
(899,	16,	'4D0W',	'PUSDIKARHANUD',	1,	1,	'2017-05-02',	'Admin',	NULL,	'',	1),
(900,	16,	'4E0R',	'PUSDIKZI',	1,	1,	'2017-05-02',	'Admin',	NULL,	'',	1),
(901,	16,	'4F0H',	'PUSDIKPOM',	1,	1,	'2017-05-02',	'Admin',	NULL,	'',	1),
(902,	16,	'4G0B',	'DENJASA KODIKLAT',	1,	1,	'2017-05-02',	'Admin',	NULL,	'',	1),
(903,	16,	'4G0I',	'PUSDIKBEKANG',	1,	1,	'2017-05-02',	'Admin',	NULL,	'',	1),
(904,	16,	'4H0Q',	'PUSDIKKUM',	1,	1,	'2017-05-02',	'Admin',	NULL,	'',	1),
(905,	16,	'4J0B',	'PUSKOPAD "A" KODIKLAT',	1,	1,	'2017-05-02',	'Admin',	NULL,	'',	1),
(906,	16,	'4K0S',	'PUSDIKKES',	1,	1,	'2017-05-02',	'Admin',	NULL,	'',	1),
(907,	16,	'4M0B',	'DENPAL KODIKLAT TNI AD',	1,	1,	'2017-05-02',	'Admin',	NULL,	'',	1),
(908,	16,	'4M0J',	'PUSDIKPAL',	1,	1,	'2017-05-02',	'Admin',	NULL,	'',	1),
(909,	16,	'4N0B',	'DENHUB KODIKLAT TNI AD',	1,	1,	'2017-05-02',	'Admin',	NULL,	'',	1),
(910,	16,	'4N0K',	'PUSDIKHUB',	1,	1,	'2017-05-02',	'Admin',	NULL,	'',	1),
(911,	16,	'4P0B',	'AJEN KODIKLAT',	1,	1,	'2017-05-02',	'Admin',	NULL,	'',	1),
(912,	16,	'4P0L',	'PUSDIKAJEN',	1,	1,	'2017-05-02',	'Admin',	NULL,	'',	1),
(913,	16,	'4Q0B',	'KU KODIKLAT',	1,	1,	'2017-05-02',	'Admin',	NULL,	'',	1),
(914,	16,	'4Q0M',	'PUSDIKKU',	1,	1,	'2017-05-02',	'Admin',	NULL,	'',	1),
(915,	16,	'4R0T',	'PUSDIKTOP',	1,	1,	'2017-05-02',	'Admin',	NULL,	'',	1),
(916,	16,	'4U0N',	'PUSDIKINTEL',	1,	1,	'2017-05-02',	'Admin',	NULL,	'',	1),
(917,	16,	'4W0F',	'PUSDIK JAS',	1,	1,	'2017-05-02',	'Admin',	NULL,	'',	1),
(918,	16,	'4Z0B',	'DOPUSALINS KODIKLAT TNI AD',	1,	1,	'2017-05-02',	'Admin',	NULL,	'',	1),
(919,	16,	'4Z0C',	'PUSDIK PENGMILUM',	1,	1,	'2017-05-02',	'Admin',	NULL,	'',	1),
(920,	16,	'4Z0G',	'PUSDIK KOWAD',	1,	1,	'2017-05-02',	'Admin',	NULL,	'',	1),
(921,	17,	'1E1A',	'MEN ZIKON',	1,	1,	'2017-05-02',	'Admin',	NULL,	'',	1),
(922,	17,	'1E1B',	'YON ZIKON-11/DURDHAGA WIGHR',	1,	1,	'2017-05-02',	'Admin',	NULL,	'',	1),
(923,	17,	'1E1C',	'YON ZIKON-12/KARANA JAYA',	1,	1,	'2017-05-02',	'Admin',	NULL,	'',	1),
(924,	17,	'1E1D',	'YON ZIKON-13/KARYA ETMAKA',	1,	1,	'2017-05-02',	'Admin',	NULL,	'',	1),
(925,	17,	'1E1E',	'YON ZIKON-14/SRADHA WIRYA',	1,	1,	'2017-05-02',	'Admin',	NULL,	'',	1),
(926,	17,	'4E0B',	'DITZIAD',	1,	1,	'2017-05-02',	'Admin',	NULL,	'',	1),
(927,	17,	'4E0D',	'KIZI JIHANDAK',	1,	1,	'2017-05-02',	'Admin',	NULL,	'',	1),
(928,	17,	'4E0E',	'KIZI NUBIKA',	1,	1,	'2017-05-02',	'Admin',	NULL,	'',	1),
(929,	17,	'4E0F',	'BALAK ADA DITZIAD',	1,	1,	'2017-05-02',	'Admin',	NULL,	'',	1),
(930,	17,	'4E0G',	'LABORATORIUM ZENI DITZIAD',	1,	1,	'2017-05-02',	'Admin',	NULL,	'',	1),
(931,	18,	'4G0B',	'DITBEKANGAD',	1,	1,	'2017-05-02',	'Admin',	NULL,	'',	1),
(932,	18,	'4G0D',	'BENGPUSANG',	1,	1,	'2017-05-02',	'Admin',	NULL,	'',	1),
(933,	18,	'4G0E',	'YON ANGRAT/PRATALA RATA',	1,	1,	'2017-05-02',	'Admin',	NULL,	'',	1),
(934,	18,	'4G0F',	'YON ANG AIR/LAKARATA YUDHA',	1,	1,	'2017-05-02',	'Admin',	NULL,	'',	1),
(935,	18,	'4G0G',	'YON ANGPERBEKUD/ACAKA RATA',	1,	1,	'2017-05-02',	'Admin',	NULL,	'',	1),
(936,	18,	'4G0H',	'DENTERM "A"/TG. PRIOK',	1,	1,	'2017-05-02',	'Admin',	NULL,	'',	1),
(937,	18,	'4G0J',	'DENTERM "A"/TG. PERAK',	1,	1,	'2017-05-02',	'Admin',	NULL,	'',	1),
(938,	18,	'4G0K',	'DENTERM "B"/U.PANDANG',	1,	1,	'2017-05-02',	'Admin',	NULL,	'',	1),
(939,	18,	'4G0L',	'DENTERM "B"/BELAWAN',	1,	1,	'2017-05-02',	'Admin',	NULL,	'',	1),
(940,	18,	'4G0M',	'GUPUS-1/WILBAR',	1,	1,	'2017-05-02',	'Admin',	NULL,	'',	1),
(941,	18,	'4G0N',	'GUPUS-2/WILTIM',	1,	1,	'2017-05-02',	'Admin',	NULL,	'',	1),
(942,	19,	'4M0B',	'DITPALAD',	1,	1,	'2017-05-02',	'Admin',	NULL,	'',	1),
(943,	19,	'4M0D',	'BENGPUSPAL',	1,	1,	'2017-05-02',	'Admin',	NULL,	'',	1),
(944,	20,	'4N0B',	'DITHUBAD',	1,	1,	'2017-05-02',	'Admin',	NULL,	'',	1),
(945,	20,	'4N0C',	'GUPUSHUB',	1,	1,	'2017-05-02',	'Admin',	NULL,	'',	1),
(946,	20,	'4N0D',	'BENGPUSHUB',	1,	1,	'2017-05-02',	'Admin',	NULL,	'',	1),
(947,	20,	'4N0E',	'YON HUB/CANDYA WIRATAMA',	1,	1,	'2017-05-02',	'Admin',	NULL,	'',	1),
(948,	20,	'4N0F',	'BALAKADA',	1,	1,	'2017-05-02',	'Admin',	NULL,	'',	1),
(949,	21,	'4K0B',	'DITKESAD',	1,	1,	'2017-05-02',	'Admin',	NULL,	'',	1),
(950,	21,	'4K0C',	'LAKESMIL',	1,	1,	'2017-05-02',	'Admin',	NULL,	'',	1),
(951,	21,	'4K0D',	'LAFIAD',	1,	1,	'2017-05-02',	'Admin',	NULL,	'',	1),
(952,	21,	'4K0E',	'LABIOMED',	1,	1,	'2017-05-02',	'Admin',	NULL,	'',	1),
(953,	21,	'4K0F',	'RSPAD GATOT SOEBROTO',	1,	1,	'2017-05-02',	'Admin',	NULL,	'',	1),
(954,	21,	'4K0G',	'LAKESGILUT',	1,	1,	'2017-05-02',	'Admin',	NULL,	'',	1),
(955,	21,	'4K0H',	'LAPALKES',	1,	1,	'2017-05-02',	'Admin',	NULL,	'',	1),
(956,	21,	'4K0J',	'GUPUS-I',	1,	1,	'2017-05-02',	'Admin',	NULL,	'',	1),
(957,	21,	'4K0K',	'GUPUS-II',	1,	1,	'2017-05-02',	'Admin',	NULL,	'',	1),
(958,	22,	'4P0B',	'DITAJENAD',	1,	1,	'2017-05-02',	'Admin',	NULL,	'',	1),
(959,	23,	'4R0B',	'DITTOPAD',	1,	1,	'2017-05-02',	'Admin',	NULL,	'',	1),
(960,	24,	'4Q0B',	'DITKUAD',	1,	1,	'2017-05-02',	'Admin',	NULL,	'',	1),
(961,	24,	'4Q0C',	'KUPUS-II',	1,	1,	'2017-05-02',	'Admin',	NULL,	'',	1),
(962,	24,	'4Q0D',	'KUPUS-I',	1,	1,	'2017-05-02',	'Admin',	NULL,	'',	1),
(963,	25,	'4H0B',	'DITKUMAD',	1,	1,	'2017-05-02',	'Admin',	NULL,	'',	1),
(964,	25,	'4H0D',	'STHM',	1,	1,	'2017-05-02',	'Admin',	NULL,	'',	1),
(965,	26,	'4W0B',	'DISJASAD',	1,	1,	'2017-05-02',	'Admin',	NULL,	'',	1),
(966,	27,	'4L0B',	'DISPENAD',	1,	1,	'2017-05-02',	'Admin',	NULL,	'',	1),
(967,	28,	'4S0B',	'DISBINTALAD',	1,	1,	'2017-05-02',	'Admin',	NULL,	'',	1),
(968,	28,	'4S0C',	'UNIT DISBINTALAD',	1,	1,	'2017-05-02',	'Admin',	NULL,	'',	1),
(969,	29,	'4Z0B',	'DISPSIAD',	1,	1,	'2017-05-02',	'Admin',	NULL,	'',	1),
(970,	30,	'4Z0B',	'DISLITBANGAD',	1,	1,	'2017-05-02',	'Admin',	NULL,	'',	1),
(971,	30,	'4Z0C',	'LAB I DISLITBANGAD/BATUJAJAR',	1,	1,	'2017-05-02',	'Admin',	NULL,	'',	1),
(972,	30,	'4Z0D',	'LAB II DISLITBANGAD/BANDUNG',	1,	1,	'2017-05-02',	'Admin',	NULL,	'',	1),
(973,	31,	'4T0B',	'DISSISFOAD',	1,	1,	'2017-05-02',	'Admin',	NULL,	'',	1),
(974,	32,	'4X0B',	'DISJARAHAD',	1,	1,	'2017-05-02',	'Admin',	NULL,	'',	1),
(975,	33,	'4A0B',	'PUSSENIF',	1,	1,	'2017-05-02',	'Admin',	NULL,	'',	1),
(976,	34,	'4B0B',	'PUSSENKAV',	1,	1,	'2017-05-02',	'Admin',	NULL,	'',	1),
(977,	34,	'4B0C',	'DENKAVKUD',	1,	1,	'2017-05-02',	'Admin',	NULL,	'',	1),
(978,	35,	'4C0B',	'PUSSENARMED',	1,	1,	'2017-05-02',	'Admin',	NULL,	'',	1),
(979,	36,	'4D0B',	'PUSSENARHANUD',	1,	1,	'2017-05-02',	'Admin',	NULL,	'',	1),
(980,	36,	'4D0C',	'DOHAR SISTA ARHANUD',	1,	1,	'2017-05-02',	'Admin',	NULL,	'',	1),
(981,	37,	'4F0B',	'PUSPOMAD',	1,	1,	'2017-05-02',	'Admin',	NULL,	'',	1),
(982,	37,	'4F0C',	'YONPOMAD',	1,	1,	'2017-05-02',	'Admin',	NULL,	'',	1),
(983,	38,	'4Z0B',	'PUSTERAD',	1,	1,	'2017-05-02',	'Admin',	NULL,	'',	1),
(984,	38,	'4Z0P',	'PUSDIKTER',	1,	1,	'2017-05-02',	'Admin',	NULL,	'',	1),
(985,	39,	'1Y1A',	'LANUMAD A YANI',	1,	1,	'2017-05-02',	'Admin',	NULL,	'',	1),
(986,	39,	'1Y1B',	'SKADRON-11/SERBU',	1,	1,	'2017-05-02',	'Admin',	NULL,	'',	1),
(987,	39,	'1Y1C',	'SKADRON-21/SENA',	1,	1,	'2017-05-02',	'Admin',	NULL,	'',	1),
(988,	39,	'1Y1D',	'SKADRON-31/SERBU',	1,	1,	'2017-05-02',	'Admin',	NULL,	'',	1),
(989,	39,	'1Y1E',	'LANUDAD GATOT S',	1,	1,	'2017-05-02',	'Admin',	NULL,	'',	1),
(990,	39,	'1Y1F',	'SKADRON 12/SERBU',	1,	1,	'2017-05-02',	'Admin',	NULL,	'',	1),
(991,	39,	'4Y0B',	'MAPUSPENERBAD',	1,	1,	'2017-05-02',	'Admin',	NULL,	'',	1),
(992,	39,	'4Y0U',	'PUSDIKPENERBAD',	1,	1,	'2017-05-02',	'Admin',	NULL,	'',	1),
(993,	40,	'4U0B',	'PUSINTELAD',	1,	1,	'2017-05-02',	'Admin',	NULL,	'',	1),
(994,	41,	'4J0C',	'PUSKOPAD B AKMIL',	1,	1,	'2017-05-02',	'Admin',	NULL,	'',	1),
(995,	41,	'4Z0B',	'AKMIL',	1,	1,	'2017-05-02',	'Admin',	NULL,	'',	1),
(996,	42,	'4Z0B',	'SESKOAD',	1,	1,	'2017-05-02',	'Admin',	NULL,	'',	1),
(997,	43,	'4Z0B',	'SECAPA AD',	1,	1,	'2017-05-02',	'Admin',	NULL,	'',	1),
(998,	44,	'4J0B',	'PUSKOPAD "A" MABESAD',	1,	1,	'2017-05-02',	'Admin',	NULL,	'',	1),
(999,	44,	'4Z0A',	'DENMA MABESAD',	1,	1,	'2017-05-02',	'Admin',	NULL,	'',	1),
(1000,	44,	'4Z0B',	'SETUMAD',	1,	1,	'2017-05-02',	'Admin',	NULL,	'',	1),
(1001,	44,	'4Z0C',	'STAF AHLI KASAD',	1,	1,	'2017-05-02',	'Admin',	NULL,	'',	1),
(1002,	45,	'4Z0B',	'ITJENAD',	1,	1,	'2017-05-02',	'Admin',	NULL,	'',	1),
(1003,	49,	'4J0B',	'INKOPAD',	1,	1,	'2017-05-02',	'Admin',	NULL,	'',	1),
(1004,	46,	'4V0B',	'BP TWP TNI AD',	1,	1,	'2017-05-02',	'Admin',	NULL,	'',	1),
(1005,	47,	'4E0A',	'WANTANNAS',	1,	1,	'2017-05-02',	'Admin',	NULL,	'',	1),
(1006,	47,	'4T0B',	'PUSDATIN KEMHAN',	1,	1,	'2017-05-02',	'Admin',	NULL,	'',	1),
(1007,	47,	'4Z0A',	'KEMHAN RI',	1,	1,	'2017-05-02',	'Admin',	NULL,	'',	1),
(1008,	48,	'2Z0A',	'STER TNI',	1,	1,	'2017-05-02',	'Admin',	NULL,	'',	1),
(1009,	48,	'3U0A',	'SINTEL TNI',	1,	1,	'2017-05-02',	'Admin',	NULL,	'',	1),
(1010,	48,	'3U1A',	'BAIS TNI',	1,	1,	'2017-05-02',	'Admin',	NULL,	'',	1),
(1011,	48,	'4A1A',	'SOPS TNI',	1,	1,	'2017-05-02',	'Admin',	NULL,	'',	1),
(1012,	48,	'4A1B',	'LEMHANAS',	1,	1,	'2017-05-02',	'Admin',	NULL,	'',	1),
(1013,	48,	'4A2A',	'SPERS TNI',	1,	1,	'2017-05-02',	'Admin',	NULL,	'',	1),
(1014,	48,	'4A2B',	'SESKO TNI',	1,	1,	'2017-05-02',	'Admin',	NULL,	'',	1),
(1015,	48,	'4A3A',	'SLOG TNI',	1,	1,	'2017-05-02',	'Admin',	NULL,	'',	1),
(1016,	48,	'4A3B',	'MAKO AKABRI',	1,	1,	'2017-05-02',	'Admin',	NULL,	'',	1),
(1017,	48,	'4A4B',	'PUSJARAH TNI',	1,	1,	'2017-05-02',	'Admin',	NULL,	'',	1),
(1018,	48,	'4A5A',	'SSOSPOL TNI',	1,	1,	'2017-05-02',	'Admin',	NULL,	'',	1),
(1019,	48,	'4A5B',	'SETUM MABES TNI',	1,	1,	'2017-05-02',	'Admin',	NULL,	'',	1),
(1020,	48,	'4A7A',	'ITJEN TNI',	1,	1,	'2017-05-02',	'Admin',	NULL,	'',	1),
(1021,	48,	'4A8A',	'SRENUM TNI',	1,	1,	'2017-05-02',	'Admin',	NULL,	'',	1),
(1022,	48,	'4A9A',	'SPRI PANGAB',	1,	1,	'2017-05-02',	'Admin',	NULL,	'',	1),
(1023,	48,	'4C0A',	'KODIKLAT TNI',	1,	1,	'2017-05-02',	'Admin',	NULL,	'',	1),
(1024,	48,	'4F0B',	'SSUSPOM TNI',	1,	1,	'2017-05-02',	'Admin',	NULL,	'',	1),
(1025,	48,	'4G0A',	'BABEK TNI',	1,	1,	'2017-05-02',	'Admin',	NULL,	'',	1),
(1026,	48,	'4H0C',	'BABINKUM TNI',	1,	1,	'2017-05-02',	'Admin',	NULL,	'',	1),
(1027,	48,	'4H1C',	'PUSMASMIL TNI',	1,	1,	'2017-05-02',	'Admin',	NULL,	'',	1),
(1028,	48,	'4H2C',	'MAHMILGUNG',	1,	1,	'2017-05-02',	'Admin',	NULL,	'',	1),
(1029,	48,	'4H3C',	'MAHMILTI',	1,	1,	'2017-05-02',	'Admin',	NULL,	'',	1),
(1030,	48,	'4H4C',	'MAHMIL',	1,	1,	'2017-05-02',	'Admin',	NULL,	'',	1),
(1031,	48,	'4H5C',	'OTJEN TNI',	1,	1,	'2017-05-02',	'Admin',	NULL,	'',	1),
(1032,	48,	'4H6C',	'OTMILTI',	1,	1,	'2017-05-02',	'Admin',	NULL,	'',	1),
(1033,	48,	'4H7C',	'OTMIL',	1,	1,	'2017-05-02',	'Admin',	NULL,	'',	1),
(1034,	48,	'4K0A',	'PUSKES TNI',	1,	1,	'2017-05-02',	'Admin',	NULL,	'',	1),
(1035,	48,	'4L0A',	'PUSPEN TNI',	1,	1,	'2017-05-02',	'Admin',	NULL,	'',	1),
(1036,	48,	'4N0A',	'SKOMLEK TNI',	1,	1,	'2017-05-02',	'Admin',	NULL,	'',	1),
(1037,	48,	'4N6B',	'SATKOMLEK MABES TNI',	1,	1,	'2017-05-02',	'Admin',	NULL,	'',	1),
(1038,	48,	'4Q0A',	'PUSKU TNI',	1,	1,	'2017-05-02',	'Admin',	NULL,	'',	1),
(1039,	48,	'4Q0B',	'KUPUS KASUM TNI',	1,	1,	'2017-05-02',	'Admin',	NULL,	'',	1),
(1040,	48,	'4R0A',	'PUSSURTA TNI',	1,	1,	'2017-05-02',	'Admin',	NULL,	'',	1),
(1041,	48,	'4S0A',	'PUSBINTAL TNI',	1,	1,	'2017-05-02',	'Admin',	NULL,	'',	1),
(1042,	48,	'4T0B',	'PUSINFOLAHTA TNI',	1,	1,	'2017-05-02',	'Admin',	NULL,	'',	1),
(1043,	48,	'4TOA',	'PUSKERSIN TNI',	1,	1,	'2017-05-02',	'Admin',	NULL,	'',	1),
(1044,	48,	'4U0B',	'LEMSANNEG',	1,	1,	'2017-05-02',	'Admin',	NULL,	'',	1),
(1045,	48,	'4X0A',	'BABINKAR TNI',	1,	1,	'2017-05-02',	'Admin',	NULL,	'',	1),
(1046,	48,	'4X0B',	'KUPUS KODAL TNI',	1,	1,	'2017-05-02',	'Admin',	NULL,	'',	1),
(1047,	48,	'4X0C',	'KAS SOSPOL TNI',	1,	1,	'2017-05-02',	'Admin',	NULL,	'',	1),
(1048,	48,	'4X0D',	'SPROGRAM KASUM TNI',	1,	1,	'2017-05-02',	'Admin',	NULL,	'',	1),
(1049,	48,	'4Z0A',	'PUSLITBANG TNI',	1,	1,	'2017-05-02',	'Admin',	NULL,	'',	1),
(1050,	48,	'4Z0B',	'PASPAMPRES',	1,	1,	'2017-05-02',	'Admin',	NULL,	'',	1),
(1051,	48,	'4Z0C',	'SKOGAR-I IBU KOTA',	1,	1,	'2017-05-02',	'Admin',	NULL,	'',	1),
(1052,	48,	'4Z0D',	'KOGARTAP III/SURABAYA',	1,	1,	'2017-05-02',	'Admin',	NULL,	'',	1),
(1053,	48,	'4Z0E',	'PUSJIANTRA',	1,	1,	'2017-05-02',	'Admin',	NULL,	'',	1),
(1054,	48,	'4Z6B',	'PMPP',	1,	1,	'2017-05-02',	'Admin',	NULL,	'',	1),
(1055,	48,	'4Z7B',	'DENMABES TNI',	1,	1,	'2017-05-02',	'Admin',	NULL,	'',	1),
(1056,	50,	'0000',	'BIN',	1,	1,	'2017-05-02',	'Admin',	NULL,	'',	1),
(1057,	51,	'0000',	'KEMENKO POLHUKAM',	1,	1,	'2017-05-02',	'Admin',	NULL,	'',	1),
(1058,	53,	'4Z1A',	'SETMILLPRES',	1,	1,	'2017-05-02',	'Admin',	NULL,	'',	1),
(1059,	49,	'0000',	'TIDAK DIKETAHUI',	1,	1,	'2017-05-02',	'Admin',	NULL,	'',	1),
(84,	2,	'1A0B',	'YONIF 141 BS/ANEKA YUDHA J P',	1,	0,	'2017-05-02',	'Admin',	NULL,	'',	1);

DROP VIEW IF EXISTS "v_user";
CREATE TABLE "v_user" ("id_user" integer, "username" character varying(60), "record_active" smallint, "id_profil" integer, "nama_profil" character varying(200), "email_profil" character varying(100));


DROP TABLE IF EXISTS "tr_pasukan_rekap";
CREATE SEQUENCE tr_pasukan_rekap_id_rekap_seq INCREMENT 1 MINVALUE 1 MAXVALUE 9223372036854775807 START 1 CACHE 1;

CREATE TABLE "sc_fcstprsn"."tr_pasukan_rekap" (
    "id_rekap" integer DEFAULT nextval('tr_pasukan_rekap_id_rekap_seq') NOT NULL,
    "id_bulan" integer,
    "id_tahun" integer,
    "id_kotama" integer,
    "path_excel" character varying(1000),
    "tanggal_upload" date,
    "tanggal_ttd" date,
    "uraian_atas_ttd" text,
    "jabatan_ttd" text,
    "nama_ttd" character varying(200),
    "pangkat_ttd" character varying(200),
    "nrp_ttd" character varying(200),
    "id_kabupaten_kota" integer,
    "created_date" timestamp,
    "created_by" character varying(200),
    "modified_date" timestamp,
    "modified_by" character varying(200),
    "record_active" integer DEFAULT 1,
    CONSTRAINT "constrains_unique_kotama_bulan_tahun" UNIQUE ("id_bulan", "id_tahun", "id_kotama"),
    CONSTRAINT "pk_tr_pasukan_rekap" PRIMARY KEY ("id_rekap")
) WITH (oids = false);

COMMENT ON COLUMN "sc_fcstprsn"."tr_pasukan_rekap"."id_kabupaten_kota" IS 'Kota Tanda Tangan

cth:

Surabaya, .... Nov 2016';

CREATE TRIGGER "tru_tr_pasukan_rekap" BEFORE UPDATE ON "sc_fcstprsn"."tr_pasukan_rekap" FOR EACH ROW EXECUTE PROCEDURE tru_update_date();

INSERT INTO "tr_pasukan_rekap" ("id_rekap", "id_bulan", "id_tahun", "id_kotama", "path_excel", "tanggal_upload", "tanggal_ttd", "uraian_atas_ttd", "jabatan_ttd", "nama_ttd", "pangkat_ttd", "nrp_ttd", "id_kabupaten_kota", "created_date", "created_by", "modified_date", "modified_by", "record_active") VALUES
(1,	1,	2014,	1,	NULL,	'2017-05-31',	'2017-05-31',	'Uraian',	'Jabatan',	'Nama',	'Pangkat',	'NRP',	NULL,	'2017-05-27 00:00:00',	'',	'2017-06-08 21:51:31.249',	'',	1),
(2,	1,	2014,	2,	NULL,	'2017-06-01',	'2017-06-01',	'Uraian',	'Jabatan',	'Nama',	'Pangkat',	'NRP',	NULL,	'2017-06-14 00:00:00',	'',	'2017-06-15 02:47:27.954',	'',	1),
(4,	11,	2014,	3,	NULL,	'2017-07-13',	'2017-07-10',	'Uraian',	'Jabatan',	'Nama',	'Pangkat',	'NRP',	NULL,	'2017-07-13 00:00:00',	'',	'2017-07-13 00:00:00',	'',	1);

DROP TABLE IF EXISTS "master_satuan";
CREATE SEQUENCE master_satuan_id_satuan_seq INCREMENT 1 MINVALUE 1 MAXVALUE 9223372036854775807 START 1 CACHE 1;

CREATE TABLE "sc_fcstprsn"."master_satuan" (
    "id_satuan" integer DEFAULT nextval('master_satuan_id_satuan_seq') NOT NULL,
    "nama_satuan" character varying(200),
    "ur_satuan" character varying(200),
    "created_date" date,
    "created_by" character varying(200),
    "modified_date" date,
    "modified_by" character varying(200),
    "record_active" smallint,
    CONSTRAINT "pk_master_satuan" PRIMARY KEY ("id_satuan")
) WITH (oids = false);

CREATE TRIGGER "tru_master_satuan" BEFORE UPDATE ON "sc_fcstprsn"."master_satuan" FOR EACH ROW EXECUTE PROCEDURE tru_update_date();


DROP VIEW IF EXISTS "v_rekap_kotama";
CREATE TABLE "v_rekap_kotama" ("ur_kotama" text, "tamtama" integer, "bintara" integer, "perwira" integer);


DROP TABLE IF EXISTS "master_golongan_pangkat";
CREATE SEQUENCE master_golongan_pangkat_id_golongan_seq INCREMENT 1 MINVALUE 1 MAXVALUE 9223372036854775807 START 1 CACHE 1;

CREATE TABLE "sc_fcstprsn"."master_golongan_pangkat" (
    "id_golongan" integer DEFAULT nextval('master_golongan_pangkat_id_golongan_seq') NOT NULL,
    "kode_golongan" character varying(20),
    "ur_golongan" character varying(200),
    "created_date" date,
    "created_by" character varying(200),
    "modified_date" date,
    "modified_by" character varying(200),
    "record_active" smallint,
    CONSTRAINT "pk_master_golongan_pangkat" PRIMARY KEY ("id_golongan")
) WITH (oids = false);

CREATE TRIGGER "tru_master_golongan_pangkat" BEFORE UPDATE ON "sc_fcstprsn"."master_golongan_pangkat" FOR EACH ROW EXECUTE PROCEDURE tru_update_date();

INSERT INTO "master_golongan_pangkat" ("id_golongan", "kode_golongan", "ur_golongan", "created_date", "created_by", "modified_date", "modified_by", "record_active") VALUES
(4,	'PNS',	'PEGAWAI NEGERI SIPIL',	NULL,	'',	'2017-06-10',	'',	1),
(1,	'TA',	'TAMTAMA',	NULL,	'',	'2017-06-14',	'',	1),
(2,	'BA',	'BINTARA',	NULL,	'',	'2017-06-14',	'',	1),
(3,	'PA',	'PERWIRA',	NULL,	'',	'2017-06-14',	'',	1);

DROP TABLE IF EXISTS "master_kelompok_pangkat";
CREATE SEQUENCE master_kelompok_pangkat_id_kelompok_seq INCREMENT 1 MINVALUE 1 MAXVALUE 9223372036854775807 START 1 CACHE 1;

CREATE TABLE "sc_fcstprsn"."master_kelompok_pangkat" (
    "id_kelompok" integer DEFAULT nextval('master_kelompok_pangkat_id_kelompok_seq') NOT NULL,
    "kode_kelompok" character varying(20),
    "ur_kelompok" character varying(200),
    "created_date" date,
    "created_by" character varying(200),
    "modified_date" date,
    "modified_by" character varying(200),
    "record_active" smallint,
    CONSTRAINT "pk_master_kelompok_pangkat" PRIMARY KEY ("id_kelompok")
) WITH (oids = false);

CREATE TRIGGER "tru_master_kelompok_pangkat" BEFORE UPDATE ON "sc_fcstprsn"."master_kelompok_pangkat" FOR EACH ROW EXECUTE PROCEDURE tru_update_date();

INSERT INTO "master_kelompok_pangkat" ("id_kelompok", "kode_kelompok", "ur_kelompok", "created_date", "created_by", "modified_date", "modified_by", "record_active") VALUES
(1,	'PRAJURIT',	'PRAJURIT',	NULL,	'',	'2017-05-26',	'',	1),
(2,	'PRAKA',	'PRAJURIT KEPALA',	NULL,	'',	'2017-05-26',	'',	1),
(3,	'KOPRAL',	'KOPRAL',	NULL,	'',	'2017-05-26',	'',	1),
(4,	'KOPKA',	'KOPRAL KEPALA',	NULL,	'',	'2017-05-26',	'',	1),
(5,	'SRD/SRT',	'SERSAN DUA DAN SERSAN SATU',	NULL,	'',	'2017-05-26',	'',	1),
(6,	'SERKA',	'SERSAN KEPALA',	NULL,	'',	'2017-05-26',	'',	1),
(7,	'SERMA',	'SERSAN MAYOR',	NULL,	'',	'2017-05-26',	'',	1),
(8,	'PLD/PLT',	'PEMBANTU LETNAN DUA DAN PEMBANTU LETNAN SATU',	NULL,	'',	'2017-05-26',	'',	1),
(9,	'LETNAN',	'LETNAN',	NULL,	'',	'2017-05-26',	'',	1),
(10,	'KAPTEN',	'KAPTEN',	NULL,	'',	'2017-05-26',	'',	1),
(11,	'MAYOR',	'MAYOR',	NULL,	'',	'2017-05-26',	'',	1),
(12,	'LETKOL',	'LETNAN KOLONEL',	NULL,	'',	'2017-05-26',	'',	1),
(13,	'KOLONEL',	'KOLONEL',	NULL,	'',	'2017-05-26',	'',	1),
(14,	'BRIGJEN',	'BRIGADIR JENDERAL',	NULL,	'',	'2017-05-26',	'',	1),
(15,	'MAYJEN',	'MAYOR JENDERAL',	NULL,	'',	'2017-05-26',	'',	1),
(16,	'LETJEN',	'LETNAN JENDERAL',	NULL,	'',	'2017-05-26',	'',	1),
(17,	'JENDERAL',	'JENDERAL',	NULL,	'',	'2017-05-26',	'',	1),
(18,	'PNS',	'PEGAWAI NEGERI SIPIL',	NULL,	'',	'2017-05-26',	'',	1);

DROP TABLE IF EXISTS "master_tingkat_pangkat";
CREATE SEQUENCE master_tingkat_pangkat_id_tingkat_seq INCREMENT 1 MINVALUE 1 MAXVALUE 9223372036854775807 START 1 CACHE 1;

CREATE TABLE "sc_fcstprsn"."master_tingkat_pangkat" (
    "id_tingkat" integer DEFAULT nextval('master_tingkat_pangkat_id_tingkat_seq') NOT NULL,
    "kode_tingkat" character varying(20),
    "ur_tingkat" character varying(200),
    "created_date" date,
    "created_by" character varying(200),
    "modified_date" date,
    "modified_by" character varying(200),
    "record_active" smallint,
    CONSTRAINT "pk_master_tingkat_pangkat" PRIMARY KEY ("id_tingkat")
) WITH (oids = false);

CREATE TRIGGER "tru_master_tingkat_pangkat" BEFORE UPDATE ON "sc_fcstprsn"."master_tingkat_pangkat" FOR EACH ROW EXECUTE PROCEDURE tru_update_date();

INSERT INTO "master_tingkat_pangkat" ("id_tingkat", "kode_tingkat", "ur_tingkat", "created_date", "created_by", "modified_date", "modified_by", "record_active") VALUES
(1,	'TAMTAMA',	'TAMTAMA',	NULL,	'',	'2017-05-26',	'',	1),
(2,	'BINTARA',	'BINTARA',	NULL,	'',	'2017-05-26',	'',	1),
(5,	'PATI',	'PERWIRA TINGGI',	NULL,	'',	'2017-05-26',	'',	1),
(4,	'PAMEN',	'PERWIRA MENENGAH',	NULL,	'',	'2017-05-26',	'',	1),
(3,	'PAMA',	'PERWIRA PERTAMA',	NULL,	'',	'2017-05-26',	'',	1),
(6,	'PNS',	'PEGAWAI NEGERI SIPIL',	NULL,	'',	'2017-05-26',	'',	1);

DROP TABLE IF EXISTS "master_pangkat";
CREATE SEQUENCE master_pangkat_id_pangkat_seq INCREMENT 1 MINVALUE 1 MAXVALUE 9223372036854775807 START 1 CACHE 1;

CREATE TABLE "sc_fcstprsn"."master_pangkat" (
    "id_pangkat" integer DEFAULT nextval('master_pangkat_id_pangkat_seq') NOT NULL,
    "kode_pangkat" character varying(20),
    "ur_pangkat" character varying(200),
    "id_kelompok" smallint,
    "id_golongan" smallint,
    "id_tingkat" smallint,
    "created_date" date,
    "created_by" character varying(200),
    "modified_date" date,
    "modified_by" character varying(200),
    "record_active" smallint,
    CONSTRAINT "pk_master_pangkat" PRIMARY KEY ("id_pangkat")
) WITH (oids = false);

CREATE TRIGGER "tru_master_pangkat" BEFORE UPDATE ON "sc_fcstprsn"."master_pangkat" FOR EACH ROW EXECUTE PROCEDURE tru_update_date();

INSERT INTO "master_pangkat" ("id_pangkat", "kode_pangkat", "ur_pangkat", "id_kelompok", "id_golongan", "id_tingkat", "created_date", "created_by", "modified_date", "modified_by", "record_active") VALUES
(1,	'51',	'PRADA',	1,	1,	1,	NULL,	'',	'2017-05-27',	'',	1),
(2,	'52',	'PRATU',	1,	1,	1,	NULL,	'',	'2017-05-27',	'',	1),
(3,	'53',	'PRAKA',	2,	1,	1,	NULL,	'',	'2017-05-27',	'',	1),
(4,	'54',	'KOPDA',	3,	1,	1,	NULL,	'',	'2017-05-27',	'',	1),
(5,	'55',	'KOPTU',	3,	1,	1,	NULL,	'',	'2017-05-27',	'',	1),
(6,	'56',	'KOPKA',	4,	1,	1,	NULL,	'',	'2017-05-27',	'',	1),
(7,	'61',	'SERDA',	5,	2,	2,	NULL,	'',	'2017-05-27',	'',	1),
(8,	'62',	'SERTU',	5,	2,	2,	NULL,	'',	'2017-05-27',	'',	1),
(9,	'63',	'SERKA',	6,	2,	2,	NULL,	'',	'2017-05-27',	'',	1),
(10,	'64',	'SERMA',	7,	2,	2,	NULL,	'',	'2017-05-27',	'',	1),
(11,	'65',	'PELDA',	8,	2,	2,	NULL,	'',	'2017-05-27',	'',	1),
(12,	'66',	'PELTU',	8,	2,	2,	NULL,	'',	'2017-05-27',	'',	1),
(13,	'67',	'CAPA',	NULL,	2,	2,	NULL,	'',	'2017-01-27',	'',	1),
(14,	'71',	'LETDA',	9,	3,	3,	NULL,	'',	'2017-05-27',	'',	1),
(15,	'72',	'LETTU',	9,	3,	3,	NULL,	'',	'2017-05-27',	'',	1),
(16,	'73',	'KAPTEN',	10,	3,	3,	NULL,	'',	'2017-05-27',	'',	1),
(17,	'81',	'MAYOR',	11,	3,	4,	NULL,	'',	'2017-05-27',	'',	1),
(18,	'82',	'LETKOL',	12,	3,	4,	NULL,	'',	'2017-05-27',	'',	1),
(19,	'83',	'KOLONEL',	13,	3,	4,	NULL,	'',	'2017-05-27',	'',	1),
(20,	'91',	'BRIGJEN',	14,	3,	5,	NULL,	'',	'2017-05-27',	'',	1),
(21,	'92',	'MAYJEN',	15,	3,	5,	NULL,	'',	'2017-05-27',	'',	1),
(22,	'93',	'LETJEN',	16,	3,	5,	NULL,	'',	'2017-05-27',	'',	1),
(23,	'94',	'JENDERAL',	17,	3,	5,	NULL,	'',	'2017-05-27',	'',	1),
(24,	'11',	'I/A',	18,	4,	6,	NULL,	'',	'2017-05-27',	'',	1),
(25,	'12',	'I/B',	18,	4,	6,	NULL,	'',	'2017-05-27',	'',	1),
(26,	'13',	'I/C',	18,	4,	6,	NULL,	'',	'2017-05-27',	'',	1),
(27,	'14',	'I/D',	18,	4,	6,	NULL,	'',	'2017-05-27',	'',	1),
(28,	'21',	'II/A',	18,	4,	6,	NULL,	'',	'2017-05-27',	'',	1),
(29,	'22',	'II/B',	18,	4,	6,	NULL,	'',	'2017-05-27',	'',	1),
(30,	'23',	'II/C',	18,	4,	6,	NULL,	'',	'2017-05-27',	'',	1),
(31,	'24',	'II/D',	18,	4,	6,	NULL,	'',	'2017-05-27',	'',	1),
(32,	'31',	'III/A',	18,	4,	6,	NULL,	'',	'2017-05-27',	'',	1),
(33,	'32',	'III/B',	18,	4,	6,	NULL,	'',	'2017-05-27',	'',	1),
(34,	'33',	'III/C',	18,	4,	6,	NULL,	'',	'2017-05-27',	'',	1),
(35,	'34',	'III/D',	18,	4,	6,	NULL,	'',	'2017-05-27',	'',	1),
(36,	'41',	'IV/A',	18,	4,	6,	NULL,	'',	'2017-05-27',	'',	1),
(37,	'42',	'IV/B',	18,	4,	6,	NULL,	'',	'2017-05-27',	'',	1),
(38,	'43',	'IV/C',	18,	4,	6,	NULL,	'',	'2017-05-27',	'',	1),
(39,	'44',	'IV/D',	18,	4,	6,	NULL,	'',	'2017-05-27',	'',	1),
(40,	'45',	'IV/E',	18,	4,	6,	NULL,	'',	'2017-05-27',	'',	1);

DROP TABLE IF EXISTS "tr_pasukan_detail";
CREATE TABLE "sc_fcstprsn"."tr_pasukan_detail" (
    "id_rekap" integer NOT NULL,
    "id_satminkal" integer NOT NULL,
    "id_pangkat" integer NOT NULL,
    "top" integer,
    "dinas" integer,
    "mpp" integer,
    "lf" integer,
    "skorsing" integer,
    "created_date" timestamp,
    "created_by" character varying(200),
    "modified_date" timestamp,
    "modified_by" character varying(200),
    "record_active" integer DEFAULT 1,
    CONSTRAINT "pk_tr_pasukan_detail" PRIMARY KEY ("id_rekap", "id_satminkal", "id_pangkat")
) WITH (oids = false);

CREATE TRIGGER "tru_tr_pasukan_detail" BEFORE UPDATE ON "sc_fcstprsn"."tr_pasukan_detail" FOR EACH ROW EXECUTE PROCEDURE tru_update_date();

INSERT INTO "tr_pasukan_detail" ("id_rekap", "id_satminkal", "id_pangkat", "top", "dinas", "mpp", "lf", "skorsing", "created_date", "created_by", "modified_date", "modified_by", "record_active") VALUES
(1,	1,	23,	0,	0,	0,	0,	0,	'2017-06-08 00:00:00',	'',	NULL,	NULL,	1),
(1,	1,	22,	0,	0,	0,	0,	0,	'2017-06-08 00:00:00',	'',	NULL,	NULL,	1),
(1,	1,	21,	0,	0,	0,	0,	0,	'2017-06-08 00:00:00',	'',	NULL,	NULL,	1),
(1,	1,	20,	0,	0,	0,	0,	0,	'2017-06-08 00:00:00',	'',	NULL,	NULL,	1),
(1,	1,	19,	0,	0,	0,	0,	0,	'2017-06-08 00:00:00',	'',	NULL,	NULL,	1),
(1,	1,	18,	0,	0,	0,	0,	0,	'2017-06-08 00:00:00',	'',	NULL,	NULL,	1),
(1,	1,	17,	0,	0,	0,	0,	0,	'2017-06-08 00:00:00',	'',	NULL,	NULL,	1),
(1,	1,	16,	0,	0,	0,	0,	0,	'2017-06-08 00:00:00',	'',	NULL,	NULL,	1),
(1,	1,	15,	2,	1,	0,	0,	0,	'2017-06-08 00:00:00',	'',	NULL,	NULL,	1),
(1,	1,	14,	0,	0,	0,	0,	0,	'2017-06-08 00:00:00',	'',	NULL,	NULL,	1),
(1,	1,	13,	0,	0,	0,	0,	0,	'2017-06-08 00:00:00',	'',	NULL,	NULL,	1),
(1,	1,	12,	0,	0,	0,	0,	0,	'2017-06-08 00:00:00',	'',	NULL,	NULL,	1),
(1,	1,	11,	0,	0,	0,	0,	0,	'2017-06-08 00:00:00',	'',	NULL,	NULL,	1),
(1,	1,	10,	0,	0,	0,	0,	0,	'2017-06-08 00:00:00',	'',	NULL,	NULL,	1),
(1,	1,	8,	0,	0,	0,	0,	0,	'2017-06-08 00:00:00',	'',	NULL,	NULL,	1),
(1,	1,	7,	0,	0,	0,	0,	0,	'2017-06-08 00:00:00',	'',	NULL,	NULL,	1),
(1,	1,	6,	0,	0,	0,	0,	0,	'2017-06-08 00:00:00',	'',	NULL,	NULL,	1),
(1,	1,	5,	0,	0,	0,	0,	0,	'2017-06-08 00:00:00',	'',	NULL,	NULL,	1),
(1,	1,	4,	0,	0,	0,	0,	0,	'2017-06-08 00:00:00',	'',	NULL,	NULL,	1),
(1,	1,	3,	0,	0,	0,	0,	0,	'2017-06-08 00:00:00',	'',	NULL,	NULL,	1),
(1,	1,	2,	0,	0,	0,	0,	0,	'2017-06-08 00:00:00',	'',	NULL,	NULL,	1),
(1,	1,	1,	0,	0,	0,	0,	0,	'2017-06-08 00:00:00',	'',	NULL,	NULL,	1),
(1,	1,	24,	0,	0,	0,	0,	0,	'2017-06-08 00:00:00',	'',	NULL,	NULL,	1),
(1,	1,	25,	0,	0,	0,	0,	0,	'2017-06-08 00:00:00',	'',	NULL,	NULL,	1),
(1,	1,	26,	0,	0,	0,	0,	0,	'2017-06-08 00:00:00',	'',	NULL,	NULL,	1),
(1,	1,	27,	0,	0,	0,	0,	0,	'2017-06-08 00:00:00',	'',	NULL,	NULL,	1),
(1,	1,	28,	0,	0,	0,	0,	0,	'2017-06-08 00:00:00',	'',	NULL,	NULL,	1),
(1,	1,	29,	0,	0,	0,	0,	0,	'2017-06-08 00:00:00',	'',	NULL,	NULL,	1),
(1,	1,	30,	0,	0,	0,	0,	0,	'2017-06-08 00:00:00',	'',	NULL,	NULL,	1),
(1,	1,	31,	0,	0,	0,	0,	0,	'2017-06-08 00:00:00',	'',	NULL,	NULL,	1),
(1,	1,	32,	0,	0,	0,	0,	0,	'2017-06-08 00:00:00',	'',	NULL,	NULL,	1),
(1,	1,	33,	0,	0,	0,	0,	0,	'2017-06-08 00:00:00',	'',	NULL,	NULL,	1),
(1,	1,	34,	0,	0,	0,	0,	0,	'2017-06-08 00:00:00',	'',	NULL,	NULL,	1),
(1,	1,	35,	0,	0,	0,	0,	0,	'2017-06-08 00:00:00',	'',	NULL,	NULL,	1),
(1,	1,	36,	0,	0,	0,	0,	0,	'2017-06-08 00:00:00',	'',	NULL,	NULL,	1),
(1,	1,	37,	0,	0,	0,	0,	0,	'2017-06-08 00:00:00',	'',	NULL,	NULL,	1),
(1,	1,	38,	0,	0,	0,	0,	0,	'2017-06-08 00:00:00',	'',	NULL,	NULL,	1),
(1,	1,	39,	0,	0,	0,	0,	0,	'2017-06-08 00:00:00',	'',	NULL,	NULL,	1),
(1,	1,	40,	0,	0,	0,	0,	0,	'2017-06-08 00:00:00',	'',	NULL,	NULL,	1),
(1,	2,	23,	0,	0,	0,	0,	0,	'2017-06-08 00:00:00',	'',	NULL,	NULL,	1),
(1,	2,	22,	0,	0,	0,	0,	0,	'2017-06-08 00:00:00',	'',	NULL,	NULL,	1),
(1,	2,	21,	0,	0,	0,	0,	0,	'2017-06-08 00:00:00',	'',	NULL,	NULL,	1),
(1,	2,	20,	0,	0,	0,	0,	0,	'2017-06-08 00:00:00',	'',	NULL,	NULL,	1),
(1,	2,	19,	0,	0,	0,	0,	0,	'2017-06-08 00:00:00',	'',	NULL,	NULL,	1),
(1,	2,	18,	3,	4,	0,	0,	0,	'2017-06-08 00:00:00',	'',	NULL,	NULL,	1),
(1,	2,	17,	0,	0,	0,	0,	0,	'2017-06-08 00:00:00',	'',	NULL,	NULL,	1),
(1,	2,	16,	0,	0,	0,	0,	0,	'2017-06-08 00:00:00',	'',	NULL,	NULL,	1),
(1,	2,	15,	0,	0,	0,	0,	0,	'2017-06-08 00:00:00',	'',	NULL,	NULL,	1),
(1,	2,	14,	0,	0,	0,	0,	0,	'2017-06-08 00:00:00',	'',	NULL,	NULL,	1),
(1,	2,	13,	0,	0,	0,	0,	0,	'2017-06-08 00:00:00',	'',	NULL,	NULL,	1),
(1,	2,	12,	2,	1,	0,	0,	0,	'2017-06-08 00:00:00',	'',	NULL,	NULL,	1),
(1,	2,	11,	0,	0,	0,	0,	0,	'2017-06-08 00:00:00',	'',	NULL,	NULL,	1),
(1,	2,	10,	0,	0,	0,	0,	0,	'2017-06-08 00:00:00',	'',	NULL,	NULL,	1),
(1,	2,	9,	0,	0,	0,	0,	0,	'2017-06-08 00:00:00',	'',	NULL,	NULL,	1),
(1,	2,	8,	0,	0,	0,	0,	0,	'2017-06-08 00:00:00',	'',	NULL,	NULL,	1),
(1,	2,	7,	0,	0,	0,	0,	0,	'2017-06-08 00:00:00',	'',	NULL,	NULL,	1),
(1,	2,	6,	0,	0,	0,	0,	0,	'2017-06-08 00:00:00',	'',	NULL,	NULL,	1),
(1,	2,	5,	0,	0,	0,	0,	0,	'2017-06-08 00:00:00',	'',	NULL,	NULL,	1),
(1,	2,	4,	0,	0,	0,	0,	0,	'2017-06-08 00:00:00',	'',	NULL,	NULL,	1),
(1,	2,	3,	0,	0,	0,	0,	0,	'2017-06-08 00:00:00',	'',	NULL,	NULL,	1),
(1,	2,	2,	0,	0,	0,	0,	0,	'2017-06-08 00:00:00',	'',	NULL,	NULL,	1),
(1,	2,	1,	0,	0,	0,	0,	0,	'2017-06-08 00:00:00',	'',	NULL,	NULL,	1),
(1,	2,	24,	0,	0,	0,	0,	0,	'2017-06-08 00:00:00',	'',	NULL,	NULL,	1),
(1,	2,	25,	0,	0,	0,	0,	0,	'2017-06-08 00:00:00',	'',	NULL,	NULL,	1),
(1,	2,	26,	0,	0,	0,	0,	0,	'2017-06-08 00:00:00',	'',	NULL,	NULL,	1),
(1,	2,	27,	0,	0,	0,	0,	0,	'2017-06-08 00:00:00',	'',	NULL,	NULL,	1),
(1,	2,	28,	0,	0,	0,	0,	0,	'2017-06-08 00:00:00',	'',	NULL,	NULL,	1),
(1,	2,	29,	0,	0,	0,	0,	0,	'2017-06-08 00:00:00',	'',	NULL,	NULL,	1),
(1,	2,	30,	0,	0,	0,	0,	0,	'2017-06-08 00:00:00',	'',	NULL,	NULL,	1),
(1,	2,	31,	0,	0,	0,	0,	0,	'2017-06-08 00:00:00',	'',	NULL,	NULL,	1),
(1,	2,	32,	0,	0,	0,	0,	0,	'2017-06-08 00:00:00',	'',	NULL,	NULL,	1),
(1,	2,	33,	0,	0,	0,	0,	0,	'2017-06-08 00:00:00',	'',	NULL,	NULL,	1),
(1,	2,	34,	0,	0,	0,	0,	0,	'2017-06-08 00:00:00',	'',	NULL,	NULL,	1),
(1,	2,	35,	0,	0,	0,	0,	0,	'2017-06-08 00:00:00',	'',	NULL,	NULL,	1),
(1,	2,	36,	0,	0,	0,	0,	0,	'2017-06-08 00:00:00',	'',	NULL,	NULL,	1),
(1,	2,	37,	0,	0,	0,	0,	0,	'2017-06-08 00:00:00',	'',	NULL,	NULL,	1),
(1,	2,	38,	0,	0,	0,	0,	0,	'2017-06-08 00:00:00',	'',	NULL,	NULL,	1),
(1,	2,	39,	0,	0,	0,	0,	0,	'2017-06-08 00:00:00',	'',	NULL,	NULL,	1),
(1,	2,	40,	0,	0,	0,	0,	0,	'2017-06-08 00:00:00',	'',	NULL,	NULL,	1),
(1,	3,	23,	0,	0,	0,	0,	0,	'2017-06-08 00:00:00',	'',	NULL,	NULL,	1),
(1,	3,	22,	0,	0,	0,	0,	0,	'2017-06-08 00:00:00',	'',	NULL,	NULL,	1),
(1,	3,	21,	0,	0,	0,	0,	0,	'2017-06-08 00:00:00',	'',	NULL,	NULL,	1),
(1,	3,	20,	0,	0,	0,	0,	0,	'2017-06-08 00:00:00',	'',	NULL,	NULL,	1),
(1,	3,	19,	0,	0,	0,	0,	0,	'2017-06-08 00:00:00',	'',	NULL,	NULL,	1),
(1,	3,	18,	0,	0,	0,	0,	0,	'2017-06-08 00:00:00',	'',	NULL,	NULL,	1),
(1,	3,	17,	0,	0,	0,	0,	0,	'2017-06-08 00:00:00',	'',	NULL,	NULL,	1),
(1,	3,	16,	0,	0,	0,	0,	0,	'2017-06-08 00:00:00',	'',	NULL,	NULL,	1),
(1,	3,	15,	0,	0,	0,	0,	0,	'2017-06-08 00:00:00',	'',	NULL,	NULL,	1),
(1,	3,	14,	0,	0,	0,	0,	0,	'2017-06-08 00:00:00',	'',	NULL,	NULL,	1),
(1,	3,	13,	0,	0,	0,	0,	0,	'2017-06-08 00:00:00',	'',	NULL,	NULL,	1),
(1,	3,	12,	0,	0,	0,	0,	0,	'2017-06-08 00:00:00',	'',	NULL,	NULL,	1),
(1,	3,	11,	2,	2,	0,	0,	0,	'2017-06-08 00:00:00',	'',	NULL,	NULL,	1),
(1,	3,	10,	0,	0,	0,	0,	0,	'2017-06-08 00:00:00',	'',	NULL,	NULL,	1),
(1,	3,	9,	1,	2,	0,	0,	0,	'2017-06-08 00:00:00',	'',	NULL,	NULL,	1),
(1,	3,	8,	0,	0,	0,	0,	0,	'2017-06-08 00:00:00',	'',	NULL,	NULL,	1),
(1,	3,	7,	0,	0,	0,	0,	0,	'2017-06-08 00:00:00',	'',	NULL,	NULL,	1),
(1,	3,	6,	0,	0,	0,	0,	0,	'2017-06-08 00:00:00',	'',	NULL,	NULL,	1),
(1,	3,	5,	0,	0,	0,	0,	0,	'2017-06-08 00:00:00',	'',	NULL,	NULL,	1),
(1,	3,	4,	0,	0,	0,	0,	0,	'2017-06-08 00:00:00',	'',	NULL,	NULL,	1),
(1,	3,	3,	0,	0,	0,	0,	0,	'2017-06-08 00:00:00',	'',	NULL,	NULL,	1),
(1,	3,	2,	0,	0,	0,	0,	0,	'2017-06-08 00:00:00',	'',	NULL,	NULL,	1),
(1,	3,	1,	0,	0,	0,	0,	0,	'2017-06-08 00:00:00',	'',	NULL,	NULL,	1),
(1,	3,	24,	0,	0,	0,	0,	0,	'2017-06-08 00:00:00',	'',	NULL,	NULL,	1),
(1,	3,	25,	0,	0,	0,	0,	0,	'2017-06-08 00:00:00',	'',	NULL,	NULL,	1),
(1,	3,	26,	0,	0,	0,	0,	0,	'2017-06-08 00:00:00',	'',	NULL,	NULL,	1),
(1,	3,	27,	0,	0,	0,	0,	0,	'2017-06-08 00:00:00',	'',	NULL,	NULL,	1),
(1,	3,	28,	0,	0,	0,	0,	0,	'2017-06-08 00:00:00',	'',	NULL,	NULL,	1),
(1,	3,	29,	0,	0,	0,	0,	0,	'2017-06-08 00:00:00',	'',	NULL,	NULL,	1),
(1,	3,	30,	0,	0,	0,	0,	0,	'2017-06-08 00:00:00',	'',	NULL,	NULL,	1),
(1,	3,	31,	0,	0,	0,	0,	0,	'2017-06-08 00:00:00',	'',	NULL,	NULL,	1),
(1,	3,	32,	0,	0,	0,	0,	0,	'2017-06-08 00:00:00',	'',	NULL,	NULL,	1),
(1,	3,	33,	0,	0,	0,	0,	0,	'2017-06-08 00:00:00',	'',	NULL,	NULL,	1),
(1,	3,	34,	0,	0,	0,	0,	0,	'2017-06-08 00:00:00',	'',	NULL,	NULL,	1),
(1,	3,	35,	0,	0,	0,	0,	0,	'2017-06-08 00:00:00',	'',	NULL,	NULL,	1),
(1,	3,	36,	0,	0,	0,	0,	0,	'2017-06-08 00:00:00',	'',	NULL,	NULL,	1),
(1,	3,	37,	0,	0,	0,	0,	0,	'2017-06-08 00:00:00',	'',	NULL,	NULL,	1),
(1,	3,	38,	0,	0,	0,	0,	0,	'2017-06-08 00:00:00',	'',	NULL,	NULL,	1),
(1,	3,	39,	0,	0,	0,	0,	0,	'2017-06-08 00:00:00',	'',	NULL,	NULL,	1),
(1,	3,	40,	0,	0,	0,	0,	0,	'2017-06-08 00:00:00',	'',	NULL,	NULL,	1),
(2,	84,	23,	0,	0,	0,	0,	0,	'2017-06-14 00:00:00',	'',	NULL,	NULL,	1),
(2,	84,	22,	0,	0,	0,	0,	0,	'2017-06-14 00:00:00',	'',	NULL,	NULL,	1),
(2,	84,	21,	0,	0,	0,	0,	0,	'2017-06-14 00:00:00',	'',	NULL,	NULL,	1),
(2,	84,	20,	0,	0,	0,	0,	0,	'2017-06-14 00:00:00',	'',	NULL,	NULL,	1),
(2,	84,	19,	0,	0,	0,	0,	0,	'2017-06-14 00:00:00',	'',	NULL,	NULL,	1),
(2,	84,	18,	0,	0,	0,	0,	0,	'2017-06-14 00:00:00',	'',	NULL,	NULL,	1),
(2,	84,	17,	0,	0,	0,	0,	0,	'2017-06-14 00:00:00',	'',	NULL,	NULL,	1),
(2,	84,	16,	0,	0,	0,	0,	0,	'2017-06-14 00:00:00',	'',	NULL,	NULL,	1),
(2,	84,	15,	2,	3,	0,	0,	0,	'2017-06-14 00:00:00',	'',	NULL,	NULL,	1),
(2,	84,	14,	0,	0,	0,	0,	0,	'2017-06-14 00:00:00',	'',	NULL,	NULL,	1),
(2,	84,	13,	0,	0,	0,	0,	0,	'2017-06-14 00:00:00',	'',	NULL,	NULL,	1),
(2,	84,	12,	0,	0,	0,	0,	0,	'2017-06-14 00:00:00',	'',	NULL,	NULL,	1),
(2,	84,	11,	0,	0,	0,	0,	0,	'2017-06-14 00:00:00',	'',	NULL,	NULL,	1),
(2,	84,	10,	0,	0,	0,	0,	0,	'2017-06-14 00:00:00',	'',	NULL,	NULL,	1),
(2,	84,	9,	3,	4,	0,	0,	0,	'2017-06-14 00:00:00',	'',	NULL,	NULL,	1),
(2,	84,	8,	0,	0,	0,	0,	0,	'2017-06-14 00:00:00',	'',	NULL,	NULL,	1),
(2,	84,	7,	0,	0,	0,	0,	0,	'2017-06-14 00:00:00',	'',	NULL,	NULL,	1),
(2,	84,	6,	0,	0,	0,	0,	0,	'2017-06-14 00:00:00',	'',	NULL,	NULL,	1),
(2,	84,	5,	0,	0,	0,	0,	0,	'2017-06-14 00:00:00',	'',	NULL,	NULL,	1),
(2,	84,	4,	0,	0,	0,	0,	0,	'2017-06-14 00:00:00',	'',	NULL,	NULL,	1),
(2,	84,	3,	0,	0,	0,	0,	0,	'2017-06-14 00:00:00',	'',	NULL,	NULL,	1),
(2,	84,	2,	0,	0,	0,	0,	0,	'2017-06-14 00:00:00',	'',	NULL,	NULL,	1),
(2,	84,	1,	0,	0,	0,	0,	0,	'2017-06-14 00:00:00',	'',	NULL,	NULL,	1),
(2,	84,	24,	0,	0,	0,	0,	0,	'2017-06-14 00:00:00',	'',	NULL,	NULL,	1),
(2,	84,	25,	0,	0,	0,	0,	0,	'2017-06-14 00:00:00',	'',	NULL,	NULL,	1),
(2,	84,	26,	0,	0,	0,	0,	0,	'2017-06-14 00:00:00',	'',	NULL,	NULL,	1),
(2,	84,	27,	0,	0,	0,	0,	0,	'2017-06-14 00:00:00',	'',	NULL,	NULL,	1),
(2,	84,	28,	0,	0,	0,	0,	0,	'2017-06-14 00:00:00',	'',	NULL,	NULL,	1),
(2,	84,	29,	0,	0,	0,	0,	0,	'2017-06-14 00:00:00',	'',	NULL,	NULL,	1),
(2,	84,	30,	0,	0,	0,	0,	0,	'2017-06-14 00:00:00',	'',	NULL,	NULL,	1),
(2,	84,	31,	0,	0,	0,	0,	0,	'2017-06-14 00:00:00',	'',	NULL,	NULL,	1),
(2,	84,	32,	0,	0,	0,	0,	0,	'2017-06-14 00:00:00',	'',	NULL,	NULL,	1),
(2,	84,	33,	0,	0,	0,	0,	0,	'2017-06-14 00:00:00',	'',	NULL,	NULL,	1),
(2,	84,	34,	0,	0,	0,	0,	0,	'2017-06-14 00:00:00',	'',	NULL,	NULL,	1),
(2,	84,	35,	0,	0,	0,	0,	0,	'2017-06-14 00:00:00',	'',	NULL,	NULL,	1),
(2,	84,	36,	0,	0,	0,	0,	0,	'2017-06-14 00:00:00',	'',	NULL,	NULL,	1),
(2,	84,	37,	0,	0,	0,	0,	0,	'2017-06-14 00:00:00',	'',	NULL,	NULL,	1),
(2,	84,	38,	0,	0,	0,	0,	0,	'2017-06-14 00:00:00',	'',	NULL,	NULL,	1),
(2,	84,	39,	0,	0,	0,	0,	0,	'2017-06-14 00:00:00',	'',	NULL,	NULL,	1),
(2,	84,	40,	0,	0,	0,	0,	0,	'2017-06-14 00:00:00',	'',	NULL,	NULL,	1),
(2,	85,	23,	0,	0,	0,	0,	0,	'2017-06-14 00:00:00',	'',	NULL,	NULL,	1),
(2,	85,	22,	0,	0,	0,	0,	0,	'2017-06-14 00:00:00',	'',	NULL,	NULL,	1),
(2,	85,	21,	0,	0,	0,	0,	0,	'2017-06-14 00:00:00',	'',	NULL,	NULL,	1),
(2,	85,	20,	0,	0,	0,	0,	0,	'2017-06-14 00:00:00',	'',	NULL,	NULL,	1),
(2,	85,	19,	0,	0,	0,	0,	0,	'2017-06-14 00:00:00',	'',	NULL,	NULL,	1),
(2,	85,	18,	5,	4,	0,	0,	0,	'2017-06-14 00:00:00',	'',	NULL,	NULL,	1),
(2,	85,	17,	0,	0,	0,	0,	0,	'2017-06-14 00:00:00',	'',	NULL,	NULL,	1),
(2,	85,	16,	0,	0,	0,	0,	0,	'2017-06-14 00:00:00',	'',	NULL,	NULL,	1),
(2,	85,	15,	0,	0,	0,	0,	0,	'2017-06-14 00:00:00',	'',	NULL,	NULL,	1),
(2,	85,	14,	0,	0,	0,	0,	0,	'2017-06-14 00:00:00',	'',	NULL,	NULL,	1),
(2,	85,	13,	0,	0,	0,	0,	0,	'2017-06-14 00:00:00',	'',	NULL,	NULL,	1),
(2,	85,	12,	3,	1,	0,	0,	0,	'2017-06-14 00:00:00',	'',	NULL,	NULL,	1),
(2,	85,	11,	0,	0,	0,	0,	0,	'2017-06-14 00:00:00',	'',	NULL,	NULL,	1),
(2,	85,	10,	0,	0,	0,	0,	0,	'2017-06-14 00:00:00',	'',	NULL,	NULL,	1),
(2,	85,	9,	0,	0,	0,	0,	0,	'2017-06-14 00:00:00',	'',	NULL,	NULL,	1),
(2,	85,	8,	0,	0,	0,	0,	0,	'2017-06-14 00:00:00',	'',	NULL,	NULL,	1),
(2,	85,	7,	0,	0,	0,	0,	0,	'2017-06-14 00:00:00',	'',	NULL,	NULL,	1),
(2,	85,	6,	0,	0,	0,	0,	0,	'2017-06-14 00:00:00',	'',	NULL,	NULL,	1),
(2,	85,	5,	0,	0,	0,	0,	0,	'2017-06-14 00:00:00',	'',	NULL,	NULL,	1),
(2,	85,	4,	0,	0,	0,	0,	0,	'2017-06-14 00:00:00',	'',	NULL,	NULL,	1),
(2,	85,	3,	0,	0,	0,	0,	0,	'2017-06-14 00:00:00',	'',	NULL,	NULL,	1),
(2,	85,	2,	0,	0,	0,	0,	0,	'2017-06-14 00:00:00',	'',	NULL,	NULL,	1),
(2,	85,	1,	0,	0,	0,	0,	0,	'2017-06-14 00:00:00',	'',	NULL,	NULL,	1),
(2,	85,	24,	0,	0,	0,	0,	0,	'2017-06-14 00:00:00',	'',	NULL,	NULL,	1),
(2,	85,	25,	0,	0,	0,	0,	0,	'2017-06-14 00:00:00',	'',	NULL,	NULL,	1),
(2,	85,	26,	0,	0,	0,	0,	0,	'2017-06-14 00:00:00',	'',	NULL,	NULL,	1),
(2,	85,	27,	0,	0,	0,	0,	0,	'2017-06-14 00:00:00',	'',	NULL,	NULL,	1),
(2,	85,	28,	0,	0,	0,	0,	0,	'2017-06-14 00:00:00',	'',	NULL,	NULL,	1),
(2,	85,	29,	0,	0,	0,	0,	0,	'2017-06-14 00:00:00',	'',	NULL,	NULL,	1),
(2,	85,	30,	0,	0,	0,	0,	0,	'2017-06-14 00:00:00',	'',	NULL,	NULL,	1),
(2,	85,	31,	0,	0,	0,	0,	0,	'2017-06-14 00:00:00',	'',	NULL,	NULL,	1),
(2,	85,	32,	0,	0,	0,	0,	0,	'2017-06-14 00:00:00',	'',	NULL,	NULL,	1),
(2,	85,	33,	0,	0,	0,	0,	0,	'2017-06-14 00:00:00',	'',	NULL,	NULL,	1),
(2,	85,	34,	0,	0,	0,	0,	0,	'2017-06-14 00:00:00',	'',	NULL,	NULL,	1),
(2,	85,	35,	0,	0,	0,	0,	0,	'2017-06-14 00:00:00',	'',	NULL,	NULL,	1),
(2,	85,	36,	0,	0,	0,	0,	0,	'2017-06-14 00:00:00',	'',	NULL,	NULL,	1),
(2,	85,	37,	0,	0,	0,	0,	0,	'2017-06-14 00:00:00',	'',	NULL,	NULL,	1),
(2,	85,	38,	0,	0,	0,	0,	0,	'2017-06-14 00:00:00',	'',	NULL,	NULL,	1),
(2,	85,	39,	0,	0,	0,	0,	0,	'2017-06-14 00:00:00',	'',	NULL,	NULL,	1),
(2,	85,	40,	0,	0,	0,	0,	0,	'2017-06-14 00:00:00',	'',	NULL,	NULL,	1),
(2,	86,	23,	0,	0,	0,	0,	0,	'2017-06-14 00:00:00',	'',	NULL,	NULL,	1),
(2,	86,	22,	0,	0,	0,	0,	0,	'2017-06-14 00:00:00',	'',	NULL,	NULL,	1),
(2,	86,	21,	0,	0,	0,	0,	0,	'2017-06-14 00:00:00',	'',	NULL,	NULL,	1),
(2,	86,	20,	0,	0,	0,	0,	0,	'2017-06-14 00:00:00',	'',	NULL,	NULL,	1),
(2,	86,	19,	0,	0,	0,	0,	0,	'2017-06-14 00:00:00',	'',	NULL,	NULL,	1),
(2,	86,	18,	0,	0,	0,	0,	0,	'2017-06-14 00:00:00',	'',	NULL,	NULL,	1),
(2,	86,	17,	0,	0,	0,	0,	0,	'2017-06-14 00:00:00',	'',	NULL,	NULL,	1),
(2,	86,	16,	0,	0,	0,	0,	0,	'2017-06-14 00:00:00',	'',	NULL,	NULL,	1),
(2,	86,	15,	0,	0,	0,	0,	0,	'2017-06-14 00:00:00',	'',	NULL,	NULL,	1),
(2,	86,	14,	0,	0,	0,	0,	0,	'2017-06-14 00:00:00',	'',	NULL,	NULL,	1),
(2,	86,	13,	0,	0,	0,	0,	0,	'2017-06-14 00:00:00',	'',	NULL,	NULL,	1),
(2,	86,	12,	0,	0,	0,	0,	0,	'2017-06-14 00:00:00',	'',	NULL,	NULL,	1),
(2,	86,	11,	4,	2,	0,	0,	0,	'2017-06-14 00:00:00',	'',	NULL,	NULL,	1),
(2,	86,	10,	0,	0,	0,	0,	0,	'2017-06-14 00:00:00',	'',	NULL,	NULL,	1),
(2,	86,	9,	3,	2,	0,	0,	0,	'2017-06-14 00:00:00',	'',	NULL,	NULL,	1),
(2,	86,	8,	0,	0,	0,	0,	0,	'2017-06-14 00:00:00',	'',	NULL,	NULL,	1),
(2,	86,	7,	0,	0,	0,	0,	0,	'2017-06-14 00:00:00',	'',	NULL,	NULL,	1),
(2,	86,	6,	0,	0,	0,	0,	0,	'2017-06-14 00:00:00',	'',	NULL,	NULL,	1),
(2,	86,	5,	0,	0,	0,	0,	0,	'2017-06-14 00:00:00',	'',	NULL,	NULL,	1),
(2,	86,	4,	0,	0,	0,	0,	0,	'2017-06-14 00:00:00',	'',	NULL,	NULL,	1),
(2,	86,	3,	0,	0,	0,	0,	0,	'2017-06-14 00:00:00',	'',	NULL,	NULL,	1),
(2,	86,	2,	0,	0,	0,	0,	0,	'2017-06-14 00:00:00',	'',	NULL,	NULL,	1),
(2,	86,	1,	0,	0,	0,	0,	0,	'2017-06-14 00:00:00',	'',	NULL,	NULL,	1),
(2,	86,	24,	0,	0,	0,	0,	0,	'2017-06-14 00:00:00',	'',	NULL,	NULL,	1),
(2,	86,	25,	0,	0,	0,	0,	0,	'2017-06-14 00:00:00',	'',	NULL,	NULL,	1),
(2,	86,	26,	0,	0,	0,	0,	0,	'2017-06-14 00:00:00',	'',	NULL,	NULL,	1),
(2,	86,	27,	0,	0,	0,	0,	0,	'2017-06-14 00:00:00',	'',	NULL,	NULL,	1),
(2,	86,	28,	0,	0,	0,	0,	0,	'2017-06-14 00:00:00',	'',	NULL,	NULL,	1),
(2,	86,	29,	0,	0,	0,	0,	0,	'2017-06-14 00:00:00',	'',	NULL,	NULL,	1),
(2,	86,	30,	0,	0,	0,	0,	0,	'2017-06-14 00:00:00',	'',	NULL,	NULL,	1),
(2,	86,	31,	0,	0,	0,	0,	0,	'2017-06-14 00:00:00',	'',	NULL,	NULL,	1),
(2,	86,	32,	0,	0,	0,	0,	0,	'2017-06-14 00:00:00',	'',	NULL,	NULL,	1),
(2,	86,	33,	0,	0,	0,	0,	0,	'2017-06-14 00:00:00',	'',	NULL,	NULL,	1),
(2,	86,	34,	0,	0,	0,	0,	0,	'2017-06-14 00:00:00',	'',	NULL,	NULL,	1),
(2,	86,	35,	0,	0,	0,	0,	0,	'2017-06-14 00:00:00',	'',	NULL,	NULL,	1),
(2,	86,	36,	0,	0,	0,	0,	0,	'2017-06-14 00:00:00',	'',	NULL,	NULL,	1),
(2,	86,	37,	0,	0,	0,	0,	0,	'2017-06-14 00:00:00',	'',	NULL,	NULL,	1),
(2,	86,	38,	0,	0,	0,	0,	0,	'2017-06-14 00:00:00',	'',	NULL,	NULL,	1),
(2,	86,	39,	0,	0,	0,	0,	0,	'2017-06-14 00:00:00',	'',	NULL,	NULL,	1),
(2,	86,	40,	0,	0,	0,	0,	0,	'2017-06-14 00:00:00',	'',	NULL,	NULL,	1),
(2,	87,	23,	0,	0,	0,	0,	0,	'2017-06-14 00:00:00',	'',	NULL,	NULL,	1),
(2,	87,	22,	0,	0,	0,	0,	0,	'2017-06-14 00:00:00',	'',	NULL,	NULL,	1),
(2,	87,	21,	0,	0,	0,	0,	0,	'2017-06-14 00:00:00',	'',	NULL,	NULL,	1),
(2,	87,	20,	0,	0,	0,	0,	0,	'2017-06-14 00:00:00',	'',	NULL,	NULL,	1),
(2,	87,	19,	0,	0,	0,	0,	0,	'2017-06-14 00:00:00',	'',	NULL,	NULL,	1),
(2,	87,	18,	0,	0,	0,	0,	0,	'2017-06-14 00:00:00',	'',	NULL,	NULL,	1),
(2,	87,	17,	0,	0,	0,	0,	0,	'2017-06-14 00:00:00',	'',	NULL,	NULL,	1),
(2,	87,	16,	0,	0,	0,	0,	0,	'2017-06-14 00:00:00',	'',	NULL,	NULL,	1),
(2,	87,	15,	0,	0,	0,	0,	0,	'2017-06-14 00:00:00',	'',	NULL,	NULL,	1),
(2,	87,	14,	0,	0,	0,	0,	0,	'2017-06-14 00:00:00',	'',	NULL,	NULL,	1),
(2,	87,	13,	0,	0,	0,	0,	0,	'2017-06-14 00:00:00',	'',	NULL,	NULL,	1),
(2,	87,	12,	0,	0,	0,	0,	0,	'2017-06-14 00:00:00',	'',	NULL,	NULL,	1),
(2,	87,	11,	0,	0,	0,	0,	0,	'2017-06-14 00:00:00',	'',	NULL,	NULL,	1),
(2,	87,	10,	0,	0,	0,	0,	0,	'2017-06-14 00:00:00',	'',	NULL,	NULL,	1),
(2,	87,	9,	0,	0,	0,	0,	0,	'2017-06-14 00:00:00',	'',	NULL,	NULL,	1),
(2,	87,	8,	0,	0,	0,	0,	0,	'2017-06-14 00:00:00',	'',	NULL,	NULL,	1),
(2,	87,	7,	0,	0,	0,	0,	0,	'2017-06-14 00:00:00',	'',	NULL,	NULL,	1),
(2,	87,	6,	0,	0,	0,	0,	0,	'2017-06-14 00:00:00',	'',	NULL,	NULL,	1),
(2,	87,	5,	5,	5,	0,	0,	0,	'2017-06-14 00:00:00',	'',	NULL,	NULL,	1),
(2,	87,	4,	0,	0,	0,	0,	0,	'2017-06-14 00:00:00',	'',	NULL,	NULL,	1),
(2,	87,	3,	5,	3,	0,	0,	0,	'2017-06-14 00:00:00',	'',	NULL,	NULL,	1),
(2,	87,	2,	4,	5,	0,	0,	0,	'2017-06-14 00:00:00',	'',	NULL,	NULL,	1),
(2,	87,	1,	0,	0,	0,	0,	0,	'2017-06-14 00:00:00',	'',	NULL,	NULL,	1),
(2,	87,	24,	0,	0,	0,	0,	0,	'2017-06-14 00:00:00',	'',	NULL,	NULL,	1),
(2,	87,	25,	0,	0,	0,	0,	0,	'2017-06-14 00:00:00',	'',	NULL,	NULL,	1),
(2,	87,	26,	0,	0,	0,	0,	0,	'2017-06-14 00:00:00',	'',	NULL,	NULL,	1),
(2,	87,	27,	0,	0,	0,	0,	0,	'2017-06-14 00:00:00',	'',	NULL,	NULL,	1),
(2,	87,	28,	0,	0,	0,	0,	0,	'2017-06-14 00:00:00',	'',	NULL,	NULL,	1),
(2,	87,	29,	0,	0,	0,	0,	0,	'2017-06-14 00:00:00',	'',	NULL,	NULL,	1),
(2,	87,	30,	0,	0,	0,	0,	0,	'2017-06-14 00:00:00',	'',	NULL,	NULL,	1),
(2,	87,	31,	0,	0,	0,	0,	0,	'2017-06-14 00:00:00',	'',	NULL,	NULL,	1),
(2,	87,	32,	0,	0,	0,	0,	0,	'2017-06-14 00:00:00',	'',	NULL,	NULL,	1),
(2,	87,	33,	0,	0,	0,	0,	0,	'2017-06-14 00:00:00',	'',	NULL,	NULL,	1),
(2,	87,	34,	0,	0,	0,	0,	0,	'2017-06-14 00:00:00',	'',	NULL,	NULL,	1),
(2,	87,	35,	0,	0,	0,	0,	0,	'2017-06-14 00:00:00',	'',	NULL,	NULL,	1),
(2,	87,	36,	0,	0,	0,	0,	0,	'2017-06-14 00:00:00',	'',	NULL,	NULL,	1),
(2,	87,	37,	0,	0,	0,	0,	0,	'2017-06-14 00:00:00',	'',	NULL,	NULL,	1),
(2,	87,	38,	0,	0,	0,	0,	0,	'2017-06-14 00:00:00',	'',	NULL,	NULL,	1),
(2,	87,	39,	0,	0,	0,	0,	0,	'2017-06-14 00:00:00',	'',	NULL,	NULL,	1),
(2,	87,	40,	0,	0,	0,	0,	0,	'2017-06-14 00:00:00',	'',	NULL,	NULL,	1),
(1,	1,	9,	100,	150,	0,	0,	0,	'2017-06-08 00:00:00',	'',	'2017-07-23 23:00:33.15',	NULL,	1),
(4,	84,	23,	0,	0,	0,	0,	0,	'2017-07-13 00:00:00',	'',	'2017-07-13 13:27:39.093',	NULL,	1),
(4,	84,	22,	0,	0,	0,	0,	0,	'2017-07-13 00:00:00',	'',	'2017-07-13 13:27:39.093',	NULL,	1),
(4,	84,	21,	0,	0,	0,	0,	0,	'2017-07-13 00:00:00',	'',	'2017-07-13 13:27:39.093',	NULL,	1),
(4,	84,	20,	0,	0,	0,	0,	0,	'2017-07-13 00:00:00',	'',	'2017-07-13 13:27:39.093',	NULL,	1),
(4,	84,	19,	0,	0,	0,	0,	0,	'2017-07-13 00:00:00',	'',	'2017-07-13 13:27:39.093',	NULL,	1),
(4,	84,	18,	100,	100,	11,	9,	0,	'2017-07-13 00:00:00',	'',	'2017-07-13 13:27:39.093',	NULL,	1),
(4,	84,	17,	150,	152,	0,	0,	0,	'2017-07-13 00:00:00',	'',	'2017-07-13 13:27:39.093',	NULL,	1),
(4,	84,	16,	0,	0,	0,	0,	0,	'2017-07-13 00:00:00',	'',	'2017-07-13 13:27:39.093',	NULL,	1),
(4,	84,	15,	2,	3,	0,	0,	0,	'2017-07-13 00:00:00',	'',	'2017-07-13 13:27:39.093',	NULL,	1),
(4,	84,	14,	0,	0,	0,	0,	0,	'2017-07-13 00:00:00',	'',	'2017-07-13 13:27:39.093',	NULL,	1),
(4,	84,	13,	1000,	900,	100,	0,	0,	'2017-07-13 00:00:00',	'',	'2017-07-13 13:27:39.093',	NULL,	1),
(4,	84,	12,	0,	0,	0,	0,	0,	'2017-07-13 00:00:00',	'',	'2017-07-13 13:27:39.093',	NULL,	1),
(4,	84,	11,	0,	0,	0,	0,	0,	'2017-07-13 00:00:00',	'',	'2017-07-13 13:27:39.093',	NULL,	1),
(4,	84,	10,	0,	0,	0,	0,	0,	'2017-07-13 00:00:00',	'',	'2017-07-13 13:27:39.093',	NULL,	1),
(4,	84,	9,	3,	4,	0,	0,	0,	'2017-07-13 00:00:00',	'',	'2017-07-13 13:27:39.093',	NULL,	1),
(4,	84,	8,	0,	0,	0,	0,	0,	'2017-07-13 00:00:00',	'',	'2017-07-13 13:27:39.093',	NULL,	1),
(4,	84,	7,	0,	0,	0,	0,	0,	'2017-07-13 00:00:00',	'',	'2017-07-13 13:27:39.093',	NULL,	1),
(4,	84,	6,	0,	0,	0,	0,	0,	'2017-07-13 00:00:00',	'',	'2017-07-13 13:27:39.093',	NULL,	1),
(4,	84,	5,	0,	0,	0,	0,	0,	'2017-07-13 00:00:00',	'',	'2017-07-13 13:27:39.093',	NULL,	1),
(4,	84,	4,	0,	0,	0,	0,	0,	'2017-07-13 00:00:00',	'',	'2017-07-13 13:27:39.093',	NULL,	1),
(4,	84,	3,	0,	0,	0,	0,	0,	'2017-07-13 00:00:00',	'',	'2017-07-13 13:27:39.093',	NULL,	1),
(4,	84,	2,	0,	0,	0,	0,	0,	'2017-07-13 00:00:00',	'',	'2017-07-13 13:27:39.093',	NULL,	1),
(4,	84,	1,	0,	0,	0,	0,	0,	'2017-07-13 00:00:00',	'',	'2017-07-13 13:27:39.093',	NULL,	1),
(4,	84,	24,	0,	0,	0,	0,	0,	'2017-07-13 00:00:00',	'',	'2017-07-13 13:27:39.093',	NULL,	1),
(4,	84,	25,	0,	0,	0,	0,	0,	'2017-07-13 00:00:00',	'',	'2017-07-13 13:27:39.093',	NULL,	1),
(4,	84,	26,	0,	0,	0,	0,	0,	'2017-07-13 00:00:00',	'',	'2017-07-13 13:27:39.093',	NULL,	1),
(4,	84,	27,	0,	0,	0,	0,	0,	'2017-07-13 00:00:00',	'',	'2017-07-13 13:27:39.093',	NULL,	1),
(4,	84,	28,	0,	0,	0,	0,	0,	'2017-07-13 00:00:00',	'',	'2017-07-13 13:27:39.093',	NULL,	1),
(4,	84,	29,	0,	0,	0,	0,	0,	'2017-07-13 00:00:00',	'',	'2017-07-13 13:27:39.093',	NULL,	1),
(4,	84,	30,	0,	0,	0,	0,	0,	'2017-07-13 00:00:00',	'',	'2017-07-13 13:27:39.093',	NULL,	1),
(4,	84,	31,	0,	0,	0,	0,	0,	'2017-07-13 00:00:00',	'',	'2017-07-13 13:27:39.093',	NULL,	1),
(4,	84,	32,	0,	0,	0,	0,	0,	'2017-07-13 00:00:00',	'',	'2017-07-13 13:27:39.093',	NULL,	1),
(4,	84,	33,	0,	0,	0,	0,	0,	'2017-07-13 00:00:00',	'',	'2017-07-13 13:27:39.093',	NULL,	1),
(4,	84,	34,	0,	0,	0,	0,	0,	'2017-07-13 00:00:00',	'',	'2017-07-13 13:27:39.093',	NULL,	1),
(4,	84,	35,	0,	0,	0,	0,	0,	'2017-07-13 00:00:00',	'',	'2017-07-13 13:27:39.093',	NULL,	1),
(4,	84,	36,	0,	0,	0,	0,	0,	'2017-07-13 00:00:00',	'',	'2017-07-13 13:27:39.093',	NULL,	1),
(4,	84,	37,	0,	0,	0,	0,	0,	'2017-07-13 00:00:00',	'',	'2017-07-13 13:27:39.093',	NULL,	1),
(4,	84,	38,	0,	0,	0,	0,	0,	'2017-07-13 00:00:00',	'',	'2017-07-13 13:27:39.093',	NULL,	1),
(4,	84,	39,	0,	0,	0,	0,	0,	'2017-07-13 00:00:00',	'',	'2017-07-13 13:27:39.093',	NULL,	1),
(4,	84,	40,	0,	0,	0,	0,	0,	'2017-07-13 00:00:00',	'',	'2017-07-13 13:27:39.093',	NULL,	1),
(4,	85,	23,	0,	0,	0,	0,	0,	'2017-07-13 00:00:00',	'',	'2017-07-13 13:27:39.093',	NULL,	1),
(4,	85,	22,	0,	0,	0,	0,	0,	'2017-07-13 00:00:00',	'',	'2017-07-13 13:27:39.093',	NULL,	1),
(4,	85,	21,	0,	0,	0,	0,	0,	'2017-07-13 00:00:00',	'',	'2017-07-13 13:27:39.093',	NULL,	1),
(4,	85,	20,	0,	0,	0,	0,	0,	'2017-07-13 00:00:00',	'',	'2017-07-13 13:27:39.093',	NULL,	1),
(4,	85,	19,	0,	0,	0,	0,	0,	'2017-07-13 00:00:00',	'',	'2017-07-13 13:27:39.093',	NULL,	1),
(4,	85,	18,	5,	4,	0,	0,	0,	'2017-07-13 00:00:00',	'',	'2017-07-13 13:27:39.093',	NULL,	1),
(4,	85,	17,	0,	0,	0,	0,	0,	'2017-07-13 00:00:00',	'',	'2017-07-13 13:27:39.093',	NULL,	1),
(4,	85,	16,	0,	0,	0,	0,	0,	'2017-07-13 00:00:00',	'',	'2017-07-13 13:27:39.093',	NULL,	1),
(4,	85,	15,	0,	0,	0,	0,	0,	'2017-07-13 00:00:00',	'',	'2017-07-13 13:27:39.093',	NULL,	1),
(4,	85,	14,	0,	0,	0,	0,	0,	'2017-07-13 00:00:00',	'',	'2017-07-13 13:27:39.093',	NULL,	1),
(4,	85,	13,	0,	0,	0,	0,	0,	'2017-07-13 00:00:00',	'',	'2017-07-13 13:27:39.093',	NULL,	1),
(4,	85,	12,	3,	1,	0,	0,	0,	'2017-07-13 00:00:00',	'',	'2017-07-13 13:27:39.093',	NULL,	1),
(4,	85,	11,	0,	0,	0,	0,	0,	'2017-07-13 00:00:00',	'',	'2017-07-13 13:27:39.093',	NULL,	1),
(4,	85,	10,	0,	0,	0,	0,	0,	'2017-07-13 00:00:00',	'',	'2017-07-13 13:27:39.093',	NULL,	1),
(4,	85,	9,	0,	0,	0,	0,	0,	'2017-07-13 00:00:00',	'',	'2017-07-13 13:27:39.093',	NULL,	1),
(4,	85,	8,	0,	0,	0,	0,	0,	'2017-07-13 00:00:00',	'',	'2017-07-13 13:27:39.093',	NULL,	1),
(4,	85,	7,	0,	0,	0,	0,	0,	'2017-07-13 00:00:00',	'',	'2017-07-13 13:27:39.093',	NULL,	1),
(4,	85,	6,	0,	0,	0,	0,	0,	'2017-07-13 00:00:00',	'',	'2017-07-13 13:27:39.093',	NULL,	1),
(4,	85,	5,	0,	0,	0,	0,	0,	'2017-07-13 00:00:00',	'',	'2017-07-13 13:27:39.093',	NULL,	1),
(4,	85,	4,	0,	0,	0,	0,	0,	'2017-07-13 00:00:00',	'',	'2017-07-13 13:27:39.093',	NULL,	1),
(4,	85,	3,	0,	0,	0,	0,	0,	'2017-07-13 00:00:00',	'',	'2017-07-13 13:27:39.093',	NULL,	1),
(4,	85,	2,	0,	0,	0,	0,	0,	'2017-07-13 00:00:00',	'',	'2017-07-13 13:27:39.093',	NULL,	1),
(4,	85,	1,	0,	0,	0,	0,	0,	'2017-07-13 00:00:00',	'',	'2017-07-13 13:27:39.093',	NULL,	1),
(4,	85,	24,	0,	0,	0,	0,	0,	'2017-07-13 00:00:00',	'',	'2017-07-13 13:27:39.093',	NULL,	1),
(4,	85,	25,	0,	0,	0,	0,	0,	'2017-07-13 00:00:00',	'',	'2017-07-13 13:27:39.093',	NULL,	1),
(4,	85,	26,	0,	0,	0,	0,	0,	'2017-07-13 00:00:00',	'',	'2017-07-13 13:27:39.093',	NULL,	1),
(4,	85,	27,	0,	0,	0,	0,	0,	'2017-07-13 00:00:00',	'',	'2017-07-13 13:27:39.093',	NULL,	1),
(4,	85,	28,	0,	0,	0,	0,	0,	'2017-07-13 00:00:00',	'',	'2017-07-13 13:27:39.093',	NULL,	1),
(4,	85,	29,	0,	0,	0,	0,	0,	'2017-07-13 00:00:00',	'',	'2017-07-13 13:27:39.093',	NULL,	1),
(4,	85,	30,	0,	0,	0,	0,	0,	'2017-07-13 00:00:00',	'',	'2017-07-13 13:27:39.093',	NULL,	1),
(4,	85,	31,	0,	0,	0,	0,	0,	'2017-07-13 00:00:00',	'',	'2017-07-13 13:27:39.093',	NULL,	1),
(4,	85,	32,	0,	0,	0,	0,	0,	'2017-07-13 00:00:00',	'',	'2017-07-13 13:27:39.093',	NULL,	1),
(4,	85,	33,	0,	0,	0,	0,	0,	'2017-07-13 00:00:00',	'',	'2017-07-13 13:27:39.093',	NULL,	1),
(4,	85,	34,	0,	0,	0,	0,	0,	'2017-07-13 00:00:00',	'',	'2017-07-13 13:27:39.093',	NULL,	1),
(4,	85,	35,	0,	0,	0,	0,	0,	'2017-07-13 00:00:00',	'',	'2017-07-13 13:27:39.093',	NULL,	1),
(4,	85,	36,	0,	0,	0,	0,	0,	'2017-07-13 00:00:00',	'',	'2017-07-13 13:27:39.093',	NULL,	1),
(4,	85,	37,	0,	0,	0,	0,	0,	'2017-07-13 00:00:00',	'',	'2017-07-13 13:27:39.093',	NULL,	1),
(4,	85,	38,	0,	0,	0,	0,	0,	'2017-07-13 00:00:00',	'',	'2017-07-13 13:27:39.093',	NULL,	1),
(4,	85,	39,	0,	0,	0,	0,	0,	'2017-07-13 00:00:00',	'',	'2017-07-13 13:27:39.093',	NULL,	1),
(4,	85,	40,	0,	0,	0,	0,	0,	'2017-07-13 00:00:00',	'',	'2017-07-13 13:27:39.093',	NULL,	1),
(4,	86,	23,	0,	0,	0,	0,	0,	'2017-07-13 00:00:00',	'',	'2017-07-13 13:27:39.093',	NULL,	1),
(4,	86,	22,	0,	0,	0,	0,	0,	'2017-07-13 00:00:00',	'',	'2017-07-13 13:27:39.093',	NULL,	1),
(4,	86,	21,	0,	0,	0,	0,	0,	'2017-07-13 00:00:00',	'',	'2017-07-13 13:27:39.093',	NULL,	1),
(4,	86,	20,	0,	0,	0,	0,	0,	'2017-07-13 00:00:00',	'',	'2017-07-13 13:27:39.093',	NULL,	1),
(4,	86,	19,	0,	0,	0,	0,	0,	'2017-07-13 00:00:00',	'',	'2017-07-13 13:27:39.093',	NULL,	1),
(4,	86,	18,	0,	0,	0,	0,	0,	'2017-07-13 00:00:00',	'',	'2017-07-13 13:27:39.093',	NULL,	1),
(4,	86,	17,	0,	0,	0,	0,	0,	'2017-07-13 00:00:00',	'',	'2017-07-13 13:27:39.093',	NULL,	1),
(4,	86,	16,	0,	0,	0,	0,	0,	'2017-07-13 00:00:00',	'',	'2017-07-13 13:27:39.093',	NULL,	1),
(4,	86,	15,	0,	0,	0,	0,	0,	'2017-07-13 00:00:00',	'',	'2017-07-13 13:27:39.093',	NULL,	1),
(4,	86,	14,	0,	0,	0,	0,	0,	'2017-07-13 00:00:00',	'',	'2017-07-13 13:27:39.093',	NULL,	1),
(4,	86,	13,	0,	0,	0,	0,	0,	'2017-07-13 00:00:00',	'',	'2017-07-13 13:27:39.093',	NULL,	1),
(4,	86,	12,	0,	0,	0,	0,	0,	'2017-07-13 00:00:00',	'',	'2017-07-13 13:27:39.093',	NULL,	1),
(4,	86,	11,	4,	2,	0,	0,	0,	'2017-07-13 00:00:00',	'',	'2017-07-13 13:27:39.093',	NULL,	1),
(4,	86,	10,	0,	0,	0,	0,	0,	'2017-07-13 00:00:00',	'',	'2017-07-13 13:27:39.093',	NULL,	1),
(4,	86,	9,	3,	2,	0,	0,	0,	'2017-07-13 00:00:00',	'',	'2017-07-13 13:27:39.093',	NULL,	1),
(4,	86,	8,	0,	0,	0,	0,	0,	'2017-07-13 00:00:00',	'',	'2017-07-13 13:27:39.093',	NULL,	1),
(4,	86,	7,	0,	0,	0,	0,	0,	'2017-07-13 00:00:00',	'',	'2017-07-13 13:27:39.093',	NULL,	1),
(4,	86,	6,	0,	0,	0,	0,	0,	'2017-07-13 00:00:00',	'',	'2017-07-13 13:27:39.093',	NULL,	1),
(4,	86,	5,	0,	0,	0,	0,	0,	'2017-07-13 00:00:00',	'',	'2017-07-13 13:27:39.093',	NULL,	1),
(4,	86,	4,	0,	0,	0,	0,	0,	'2017-07-13 00:00:00',	'',	'2017-07-13 13:27:39.093',	NULL,	1),
(4,	86,	3,	0,	0,	0,	0,	0,	'2017-07-13 00:00:00',	'',	'2017-07-13 13:27:39.093',	NULL,	1),
(4,	86,	2,	0,	0,	0,	0,	0,	'2017-07-13 00:00:00',	'',	'2017-07-13 13:27:39.093',	NULL,	1),
(4,	86,	1,	0,	0,	0,	0,	0,	'2017-07-13 00:00:00',	'',	'2017-07-13 13:27:39.093',	NULL,	1),
(4,	86,	24,	0,	0,	0,	0,	0,	'2017-07-13 00:00:00',	'',	'2017-07-13 13:27:39.093',	NULL,	1),
(4,	86,	25,	0,	0,	0,	0,	0,	'2017-07-13 00:00:00',	'',	'2017-07-13 13:27:39.093',	NULL,	1),
(4,	86,	26,	0,	0,	0,	0,	0,	'2017-07-13 00:00:00',	'',	'2017-07-13 13:27:39.093',	NULL,	1),
(4,	86,	27,	0,	0,	0,	0,	0,	'2017-07-13 00:00:00',	'',	'2017-07-13 13:27:39.093',	NULL,	1),
(4,	86,	28,	0,	0,	0,	0,	0,	'2017-07-13 00:00:00',	'',	'2017-07-13 13:27:39.093',	NULL,	1),
(4,	86,	29,	0,	0,	0,	0,	0,	'2017-07-13 00:00:00',	'',	'2017-07-13 13:27:39.093',	NULL,	1),
(4,	86,	30,	0,	0,	0,	0,	0,	'2017-07-13 00:00:00',	'',	'2017-07-13 13:27:39.093',	NULL,	1),
(4,	86,	31,	0,	0,	0,	0,	0,	'2017-07-13 00:00:00',	'',	'2017-07-13 13:27:39.093',	NULL,	1),
(4,	86,	32,	0,	0,	0,	0,	0,	'2017-07-13 00:00:00',	'',	'2017-07-13 13:27:39.093',	NULL,	1),
(4,	86,	33,	0,	0,	0,	0,	0,	'2017-07-13 00:00:00',	'',	'2017-07-13 13:27:39.093',	NULL,	1),
(4,	86,	34,	0,	0,	0,	0,	0,	'2017-07-13 00:00:00',	'',	'2017-07-13 13:27:39.093',	NULL,	1),
(4,	86,	35,	0,	0,	0,	0,	0,	'2017-07-13 00:00:00',	'',	'2017-07-13 13:27:39.093',	NULL,	1),
(4,	86,	36,	0,	0,	0,	0,	0,	'2017-07-13 00:00:00',	'',	'2017-07-13 13:27:39.093',	NULL,	1),
(4,	86,	37,	0,	0,	0,	0,	0,	'2017-07-13 00:00:00',	'',	'2017-07-13 13:27:39.093',	NULL,	1),
(4,	86,	38,	0,	0,	0,	0,	0,	'2017-07-13 00:00:00',	'',	'2017-07-13 13:27:39.093',	NULL,	1),
(4,	86,	39,	0,	0,	0,	0,	0,	'2017-07-13 00:00:00',	'',	'2017-07-13 13:27:39.093',	NULL,	1),
(4,	86,	40,	0,	0,	0,	0,	0,	'2017-07-13 00:00:00',	'',	'2017-07-13 13:27:39.093',	NULL,	1),
(4,	87,	23,	0,	0,	0,	0,	0,	'2017-07-13 00:00:00',	'',	'2017-07-13 13:27:39.093',	NULL,	1),
(4,	87,	22,	0,	0,	0,	0,	0,	'2017-07-13 00:00:00',	'',	'2017-07-13 13:27:39.093',	NULL,	1),
(4,	87,	21,	0,	0,	0,	0,	0,	'2017-07-13 00:00:00',	'',	'2017-07-13 13:27:39.093',	NULL,	1),
(4,	87,	20,	0,	0,	0,	0,	0,	'2017-07-13 00:00:00',	'',	'2017-07-13 13:27:39.093',	NULL,	1),
(4,	87,	19,	0,	0,	0,	0,	0,	'2017-07-13 00:00:00',	'',	'2017-07-13 13:27:39.093',	NULL,	1),
(4,	87,	18,	0,	0,	0,	0,	0,	'2017-07-13 00:00:00',	'',	'2017-07-13 13:27:39.093',	NULL,	1),
(4,	87,	17,	0,	0,	0,	0,	0,	'2017-07-13 00:00:00',	'',	'2017-07-13 13:27:39.093',	NULL,	1),
(4,	87,	16,	0,	0,	0,	0,	0,	'2017-07-13 00:00:00',	'',	'2017-07-13 13:27:39.093',	NULL,	1),
(4,	87,	15,	0,	0,	0,	0,	0,	'2017-07-13 00:00:00',	'',	'2017-07-13 13:27:39.093',	NULL,	1),
(4,	87,	14,	0,	0,	0,	0,	0,	'2017-07-13 00:00:00',	'',	'2017-07-13 13:27:39.093',	NULL,	1),
(4,	87,	13,	0,	0,	0,	0,	0,	'2017-07-13 00:00:00',	'',	'2017-07-13 13:27:39.093',	NULL,	1),
(4,	87,	12,	0,	0,	0,	0,	0,	'2017-07-13 00:00:00',	'',	'2017-07-13 13:27:39.093',	NULL,	1),
(4,	87,	11,	0,	0,	0,	0,	0,	'2017-07-13 00:00:00',	'',	'2017-07-13 13:27:39.093',	NULL,	1),
(4,	87,	10,	0,	0,	0,	0,	0,	'2017-07-13 00:00:00',	'',	'2017-07-13 13:27:39.093',	NULL,	1),
(4,	87,	9,	0,	0,	0,	0,	0,	'2017-07-13 00:00:00',	'',	'2017-07-13 13:27:39.093',	NULL,	1),
(4,	87,	8,	0,	0,	0,	0,	0,	'2017-07-13 00:00:00',	'',	'2017-07-13 13:27:39.093',	NULL,	1),
(4,	87,	7,	0,	0,	0,	0,	0,	'2017-07-13 00:00:00',	'',	'2017-07-13 13:27:39.093',	NULL,	1),
(4,	87,	6,	0,	0,	0,	0,	0,	'2017-07-13 00:00:00',	'',	'2017-07-13 13:27:39.093',	NULL,	1),
(4,	87,	5,	5,	5,	0,	0,	0,	'2017-07-13 00:00:00',	'',	'2017-07-13 13:27:39.093',	NULL,	1),
(4,	87,	4,	0,	0,	0,	0,	0,	'2017-07-13 00:00:00',	'',	'2017-07-13 13:27:39.093',	NULL,	1),
(4,	87,	3,	5,	3,	0,	0,	0,	'2017-07-13 00:00:00',	'',	'2017-07-13 13:27:39.093',	NULL,	1),
(4,	87,	2,	4,	5,	0,	0,	0,	'2017-07-13 00:00:00',	'',	'2017-07-13 13:27:39.093',	NULL,	1),
(4,	87,	1,	0,	0,	0,	0,	0,	'2017-07-13 00:00:00',	'',	'2017-07-13 13:27:39.093',	NULL,	1),
(4,	87,	24,	0,	0,	0,	0,	0,	'2017-07-13 00:00:00',	'',	'2017-07-13 13:27:39.093',	NULL,	1),
(4,	87,	25,	0,	0,	0,	0,	0,	'2017-07-13 00:00:00',	'',	'2017-07-13 13:27:39.093',	NULL,	1),
(4,	87,	26,	0,	0,	0,	0,	0,	'2017-07-13 00:00:00',	'',	'2017-07-13 13:27:39.093',	NULL,	1),
(4,	87,	27,	0,	0,	0,	0,	0,	'2017-07-13 00:00:00',	'',	'2017-07-13 13:27:39.093',	NULL,	1),
(4,	87,	28,	0,	0,	0,	0,	0,	'2017-07-13 00:00:00',	'',	'2017-07-13 13:27:39.093',	NULL,	1),
(4,	87,	29,	0,	0,	0,	0,	0,	'2017-07-13 00:00:00',	'',	'2017-07-13 13:27:39.093',	NULL,	1),
(4,	87,	30,	0,	0,	0,	0,	0,	'2017-07-13 00:00:00',	'',	'2017-07-13 13:27:39.093',	NULL,	1),
(4,	87,	31,	0,	0,	0,	0,	0,	'2017-07-13 00:00:00',	'',	'2017-07-13 13:27:39.093',	NULL,	1),
(4,	87,	32,	0,	0,	0,	0,	0,	'2017-07-13 00:00:00',	'',	'2017-07-13 13:27:39.093',	NULL,	1),
(4,	87,	33,	0,	0,	0,	0,	0,	'2017-07-13 00:00:00',	'',	'2017-07-13 13:27:39.093',	NULL,	1),
(4,	87,	34,	0,	0,	0,	0,	0,	'2017-07-13 00:00:00',	'',	'2017-07-13 13:27:39.093',	NULL,	1),
(4,	87,	35,	0,	0,	0,	0,	0,	'2017-07-13 00:00:00',	'',	'2017-07-13 13:27:39.093',	NULL,	1),
(4,	87,	36,	0,	0,	0,	0,	0,	'2017-07-13 00:00:00',	'',	'2017-07-13 13:27:39.093',	NULL,	1),
(4,	87,	37,	0,	0,	0,	0,	0,	'2017-07-13 00:00:00',	'',	'2017-07-13 13:27:39.093',	NULL,	1),
(4,	87,	38,	0,	0,	0,	0,	0,	'2017-07-13 00:00:00',	'',	'2017-07-13 13:27:39.093',	NULL,	1),
(4,	87,	39,	0,	0,	0,	0,	0,	'2017-07-13 00:00:00',	'',	'2017-07-13 13:27:39.093',	NULL,	1),
(4,	87,	40,	0,	0,	0,	0,	0,	'2017-07-13 00:00:00',	'',	'2017-07-13 13:27:39.093',	NULL,	1);

DROP TABLE IF EXISTS "backbone_modul";
CREATE SEQUENCE backbone_modul_id_modul_seq INCREMENT 1 MINVALUE 1 MAXVALUE 9223372036854775807 START 1 CACHE 1;

CREATE TABLE "sc_fcstprsn"."backbone_modul" (
    "id_modul" integer DEFAULT nextval('backbone_modul_id_modul_seq') NOT NULL,
    "nama_modul" character varying(300),
    "deskripsi_modul" text,
    "turunan_dari" text,
    "no_urut" integer,
    "created_date" timestamp DEFAULT now(),
    "created_by" character varying(200),
    "modified_date" timestamp,
    "modified_by" character varying(200),
    "record_active" smallint DEFAULT 1,
    "show_on_menu" smallint DEFAULT 1,
    CONSTRAINT "pk_backbone_modul" PRIMARY KEY ("id_modul")
) WITH (oids = false);

CREATE TRIGGER "tru_backbone_modul" BEFORE UPDATE ON "sc_fcstprsn"."backbone_modul" FOR EACH ROW EXECUTE PROCEDURE tru_update_date();

INSERT INTO "backbone_modul" ("id_modul", "nama_modul", "deskripsi_modul", "turunan_dari", "no_urut", "created_date", "created_by", "modified_date", "modified_by", "record_active", "show_on_menu") VALUES
(2,	'modul',	'Modul',	'sistem',	9901,	'2017-05-17 00:00:00',	'',	NULL,	'',	1,	1),
(3,	'member',	'Member',	'sistem',	9902,	'2017-05-17 00:00:00',	'',	NULL,	'',	1,	1),
(4,	'role',	'Role',	'sistem',	9903,	'2017-05-17 00:00:00',	'',	NULL,	'',	1,	1),
(5,	'pustaka_data',	'Pustaka Data',	'',	2000,	'2017-05-17 00:00:00',	'',	NULL,	'',	1,	1),
(6,	'msbulan',	'Master Bulan',	'pustaka_data',	2001,	'2017-05-17 00:00:00',	'',	NULL,	'',	1,	1),
(7,	'mscorps',	'Master Corps',	'pustaka_data',	2002,	'2017-05-17 00:00:00',	'',	NULL,	'',	1,	1),
(8,	'mspangkat',	'Master Pangkat',	'pustaka_data',	2003,	'2017-05-17 00:00:00',	'',	NULL,	'',	1,	1),
(9,	'msgolonganpangkat',	'Master Golongan Pangkat',	'pustaka_data',	2007,	'2017-05-17 00:00:00',	'',	NULL,	'',	1,	1),
(10,	'mskelompokpangkat',	'Master Kelompok Pangkat',	'pustaka_data',	2008,	'2017-05-17 00:00:00',	'',	NULL,	'',	1,	1),
(11,	'mstingkatpangkat',	'Master Tingkat Pangkat',	'pustaka_data',	2009,	'2017-05-17 00:00:00',	'',	NULL,	'',	1,	1),
(12,	'mskesatuan',	'Master Kesatuan',	'pustaka_data',	2004,	'2017-05-17 00:00:00',	'',	NULL,	'',	1,	1),
(13,	'mskotama',	'Master Kotama',	'pustaka_data',	2005,	'2017-05-17 00:00:00',	'',	NULL,	'',	1,	1),
(14,	'mssatminkal',	'Master Satminkal',	'pustaka_data',	2006,	'2017-05-17 00:00:00',	'',	NULL,	'',	1,	1),
(15,	'upload',	'Upload Data',	'',	3000,	'2017-05-17 00:00:00',	'',	NULL,	'',	1,	1),
(16,	'rkpasukan',	'Rekap Pasukan',	'upload',	3001,	'2017-05-17 00:00:00',	'',	NULL,	'',	1,	1),
(17,	'laporan',	'Laporan',	'',	4000,	'2017-05-17 00:00:00',	'',	NULL,	'',	1,	1),
(25,	'lppiramida',	'Piramida Kekuatan',	'laporan',	4001,	'2017-06-20 00:00:00',	'',	'2017-06-21 02:55:45.953',	'',	1,	1),
(24,	'lpsatkowil',	'Kekuatan Satkowil',	'laporan',	4008,	'2017-05-17 00:00:00',	'',	'2017-06-21 02:55:55.108',	'',	1,	1),
(18,	'lpstruktur',	'Kekuatan Struktur',	'laporan',	4002,	'2017-05-17 00:00:00',	'',	'2017-06-21 02:55:59.406',	'',	1,	1),
(19,	'lpkotama',	'Kekuatan Kotama',	'laporan',	4003,	'2017-05-17 00:00:00',	'',	'2017-06-21 02:56:01.609',	'',	1,	1),
(20,	'lpkecabangan',	'Kekuatan Perkecabangan',	'laporan',	4004,	'2017-05-17 00:00:00',	'',	'2017-06-21 02:56:04.343',	'',	1,	1),
(21,	'lpmulti',	'Kekuatan Multikorps',	'laporan',	4005,	'2017-05-17 00:00:00',	'',	'2017-06-21 02:56:06.5',	'',	1,	1),
(22,	'lpsatpur',	'Kekuatan Tempur',	'laporan',	4006,	'2017-05-17 00:00:00',	'',	'2017-06-21 02:56:08.75',	'',	1,	1),
(23,	'lpsatbalak',	'Kekuatan Satbalak',	'laporan',	4007,	'2017-05-17 00:00:00',	'',	'2017-06-21 02:56:11.188',	'',	1,	1),
(1,	'sistem',	'Sistem',	'',	9900,	'2017-05-17 00:00:00',	'',	'2017-06-21 03:17:10.029',	'',	1,	1),
(26,	'exportlaporan',	'Export Laporan',	'laporan',	4009,	'2017-07-18 17:27:45.084',	NULL,	NULL,	NULL,	1,	1);

DROP TABLE IF EXISTS "backbone_modul_role";
CREATE SEQUENCE backbone_modul_role_id_module_role_seq INCREMENT 1 MINVALUE 1 MAXVALUE 9223372036854775807 START 1 CACHE 1;

CREATE TABLE "sc_fcstprsn"."backbone_modul_role" (
    "id_module_role" integer DEFAULT nextval('backbone_modul_role_id_module_role_seq') NOT NULL,
    "id_role" integer,
    "id_modul" integer,
    "is_read" smallint,
    "is_write" smallint,
    "is_delete" smallint,
    "is_update" smallint,
    "created_date" timestamp DEFAULT now(),
    "created_by" character varying(200),
    "modified_date" timestamp,
    "modified_by" character varying(200),
    "record_active" smallint DEFAULT 1,
    CONSTRAINT "pk_backbone_module_role" PRIMARY KEY ("id_module_role"),
    CONSTRAINT "fk_backbone_modul_role_backbone_modul" FOREIGN KEY (id_modul) REFERENCES backbone_modul(id_modul) NOT DEFERRABLE,
    CONSTRAINT "fk_backbone_modul_role_backbone_role" FOREIGN KEY (id_role) REFERENCES backbone_role(id_role) NOT DEFERRABLE
) WITH (oids = false);

CREATE TRIGGER "tru_backbone_modul_role" BEFORE UPDATE ON "sc_fcstprsn"."backbone_modul_role" FOR EACH ROW EXECUTE PROCEDURE tru_update_date();

INSERT INTO "backbone_modul_role" ("id_module_role", "id_role", "id_modul", "is_read", "is_write", "is_delete", "is_update", "created_date", "created_by", "modified_date", "modified_by", "record_active") VALUES
(28,	2,	5,	1,	NULL,	NULL,	NULL,	'2017-06-15 11:07:16',	'Admin',	'2017-06-15 11:07:16',	'Admin',	1),
(29,	2,	13,	1,	NULL,	NULL,	NULL,	'2017-06-15 11:07:16',	'Admin',	'2017-06-15 11:07:16',	'Admin',	1),
(30,	2,	15,	1,	1,	1,	1,	'2017-06-15 11:07:16',	'Admin',	'2017-06-15 11:07:16',	'Admin',	1),
(31,	2,	16,	1,	1,	1,	1,	'2017-06-15 11:07:16',	'Admin',	'2017-06-15 11:07:16',	'Admin',	1),
(33,	1,	3,	1,	1,	1,	1,	'2017-06-20 22:19:02',	'Admin',	'2017-06-20 22:19:02',	'Admin',	1),
(34,	1,	5,	1,	1,	1,	1,	'2017-06-20 22:19:02',	'Admin',	'2017-06-20 22:19:02',	'Admin',	1),
(35,	1,	6,	1,	1,	1,	1,	'2017-06-20 22:19:02',	'Admin',	'2017-06-20 22:19:02',	'Admin',	1),
(36,	1,	7,	1,	1,	1,	1,	'2017-06-20 22:19:02',	'Admin',	'2017-06-20 22:19:02',	'Admin',	1),
(37,	1,	8,	1,	NULL,	NULL,	NULL,	'2017-06-20 22:19:02',	'Admin',	'2017-06-20 22:19:02',	'Admin',	1),
(38,	1,	9,	1,	NULL,	NULL,	NULL,	'2017-06-20 22:19:02',	'Admin',	'2017-06-20 22:19:02',	'Admin',	1),
(39,	1,	10,	1,	NULL,	NULL,	NULL,	'2017-06-20 22:19:02',	'Admin',	'2017-06-20 22:19:02',	'Admin',	1),
(40,	1,	11,	1,	NULL,	NULL,	NULL,	'2017-06-20 22:19:02',	'Admin',	'2017-06-20 22:19:02',	'Admin',	1),
(41,	1,	12,	1,	1,	1,	1,	'2017-06-20 22:19:02',	'Admin',	'2017-06-20 22:19:02',	'Admin',	1),
(42,	1,	13,	1,	1,	1,	1,	'2017-06-20 22:19:02',	'Admin',	'2017-06-20 22:19:02',	'Admin',	1),
(43,	1,	14,	1,	1,	1,	1,	'2017-06-20 22:19:02',	'Admin',	'2017-06-20 22:19:02',	'Admin',	1),
(44,	1,	15,	1,	1,	1,	1,	'2017-06-20 22:19:02',	'Admin',	'2017-06-20 22:19:02',	'Admin',	1),
(45,	1,	16,	1,	1,	1,	1,	'2017-06-20 22:19:02',	'Admin',	'2017-06-20 22:19:02',	'Admin',	1),
(46,	1,	17,	1,	1,	1,	1,	'2017-06-20 22:19:02',	'Admin',	'2017-06-20 22:19:02',	'Admin',	1),
(47,	1,	1,	1,	1,	1,	1,	'2017-06-20 22:19:02',	'Admin',	'2017-06-20 22:19:02',	'Admin',	1),
(48,	1,	23,	1,	1,	1,	1,	'2017-06-20 22:19:02',	'Admin',	'2017-06-20 22:19:02',	'Admin',	1),
(49,	1,	22,	1,	1,	1,	1,	'2017-06-20 22:19:02',	'Admin',	'2017-06-20 22:19:02',	'Admin',	1),
(50,	1,	21,	1,	1,	1,	1,	'2017-06-20 22:19:02',	'Admin',	'2017-06-20 22:19:02',	'Admin',	1),
(51,	1,	20,	1,	1,	1,	1,	'2017-06-20 22:19:02',	'Admin',	'2017-06-20 22:19:02',	'Admin',	1),
(52,	1,	19,	1,	1,	1,	1,	'2017-06-20 22:19:02',	'Admin',	'2017-06-20 22:19:02',	'Admin',	1),
(53,	1,	18,	1,	1,	1,	1,	'2017-06-20 22:19:02',	'Admin',	'2017-06-20 22:19:02',	'Admin',	1),
(54,	1,	24,	1,	1,	1,	1,	'2017-06-20 22:19:02',	'Admin',	'2017-06-20 22:19:02',	'Admin',	1),
(55,	1,	25,	1,	1,	1,	1,	'2017-06-20 22:19:02',	'Admin',	'2017-06-20 22:19:02',	'Admin',	1),
(56,	1,	26,	1,	1,	1,	1,	'2017-07-18 17:28:12.08',	NULL,	NULL,	NULL,	1);

DROP TABLE IF EXISTS "v_user";
CREATE TABLE "sc_fcstprsn"."v_user" (
    "id_user" integer,
    "username" character varying(60),
    "record_active" smallint,
    "id_profil" integer,
    "nama_profil" character varying(200),
    "email_profil" character varying(100)
) WITH (oids = false);

DROP TABLE IF EXISTS "v_rekap_kotama";
CREATE TABLE "sc_fcstprsn"."v_rekap_kotama" (
    "ur_kotama" text,
    "tamtama" integer,
    "bintara" integer,
    "perwira" integer
) WITH (oids = false);

-- 2017-07-23 23:40:35.035+07
